page,id,parent,value_raw,status,status_basis,location,attributes,geometry_xml
Page-1,f_vb0bReNq_PyX6GKsqe-3,1,ROS,未決,確定の明示なし,diagram[1]/root/*[3] (id=f_vb0bReNq_PyX6GKsqe-3),"{""id"": ""f_vb0bReNq_PyX6GKsqe-3"", ""parent"": ""1"", ""style"": ""swimlane;whiteSpace=wrap;html=1;"", ""value"": ""ROS"", ""vertex"": ""1""}","<mxGeometry height=""1150"" width=""2070"" x=""-840"" y=""-200"" as=""geometry"" />
        "
Page-1,f_vb0bReNq_PyX6GKsqe-18,f_vb0bReNq_PyX6GKsqe-3,gouda.sh,未決,確定の明示なし,diagram[1]/root/*[4] (id=f_vb0bReNq_PyX6GKsqe-18),"{""id"": ""f_vb0bReNq_PyX6GKsqe-18"", ""parent"": ""f_vb0bReNq_PyX6GKsqe-3"", ""style"": ""swimlane;whiteSpace=wrap;html=1;container=0;"", ""value"": ""gouda.sh"", ""vertex"": ""1""}","<mxGeometry height=""100"" width=""480"" x=""20"" y=""80"" as=""geometry"" />
        "
Page-1,x5bDQh8FaZrcMh8EckeY-72,f_vb0bReNq_PyX6GKsqe-18,PC側システムの起動シェルスクリプト,未決,確定の明示なし,diagram[1]/root/*[5] (id=x5bDQh8FaZrcMh8EckeY-72),"{""id"": ""x5bDQh8FaZrcMh8EckeY-72"", ""parent"": ""f_vb0bReNq_PyX6GKsqe-18"", ""style"": ""text;html=1;whiteSpace=wrap;strokeColor=none;fillColor=none;align=center;verticalAlign=middle;rounded=0;"", ""value"": ""PC側システムの起動シェルスクリプト"", ""vertex"": ""1""}","<mxGeometry height=""30"" width=""240"" x=""110"" y=""40"" as=""geometry"" />
        "
Page-1,f_vb0bReNq_PyX6GKsqe-8,f_vb0bReNq_PyX6GKsqe-3,ROS_DOMAIN_ID = 99,未決,確定の明示なし,diagram[1]/root/*[6] (id=f_vb0bReNq_PyX6GKsqe-8),"{""id"": ""f_vb0bReNq_PyX6GKsqe-8"", ""parent"": ""f_vb0bReNq_PyX6GKsqe-3"", ""style"": ""swimlane;whiteSpace=wrap;html=1;strokeColor=#000000;"", ""value"": ""ROS_DOMAIN_ID = 99"", ""vertex"": ""1""}","<mxGeometry height=""915"" width=""2020"" x=""20"" y=""200"" as=""geometry"" />
        "
Page-1,f_vb0bReNq_PyX6GKsqe-9,f_vb0bReNq_PyX6GKsqe-8,localization_and_slam_for_mapping,未決,確定の明示なし,diagram[1]/root/*[12] (id=f_vb0bReNq_PyX6GKsqe-9),"{""id"": ""f_vb0bReNq_PyX6GKsqe-9"", ""parent"": ""f_vb0bReNq_PyX6GKsqe-8"", ""style"": ""swimlane;whiteSpace=wrap;html=1;"", ""value"": ""localization_and_slam_for_mapping"", ""vertex"": ""1""}","<mxGeometry height=""200"" width=""240"" x=""1260"" y=""382.5"" as=""geometry"" />
        "
Page-1,x5bDQh8FaZrcMh8EckeY-102,f_vb0bReNq_PyX6GKsqe-9,局所座標系における連続的な自己運動・自己位置を推定しつつ、3D地図を作成する,未決,確定の明示なし,diagram[1]/root/*[13] (id=x5bDQh8FaZrcMh8EckeY-102),"{""id"": ""x5bDQh8FaZrcMh8EckeY-102"", ""parent"": ""f_vb0bReNq_PyX6GKsqe-9"", ""style"": ""text;html=1;whiteSpace=wrap;strokeColor=none;fillColor=none;align=center;verticalAlign=middle;rounded=0;"", ""value"": ""局所座標系における連続的な自己運動・自己位置を推定しつつ、3D地図を作成する"", ""vertex"": ""1""}","<mxGeometry height=""75"" width=""170"" x=""35"" y=""75"" as=""geometry"" />
        "
Page-1,x5bDQh8FaZrcMh8EckeY-267,f_vb0bReNq_PyX6GKsqe-9,事前地図作成時に使うモジュール,未決,確定の明示なし,diagram[1]/root/*[14] (id=x5bDQh8FaZrcMh8EckeY-267),"{""id"": ""x5bDQh8FaZrcMh8EckeY-267"", ""parent"": ""f_vb0bReNq_PyX6GKsqe-9"", ""style"": ""text;html=1;whiteSpace=wrap;strokeColor=none;fillColor=none;align=center;verticalAlign=middle;rounded=0;"", ""value"": ""事前地図作成時に使うモジュール"", ""vertex"": ""1""}","<mxGeometry height=""30"" width=""135"" x=""50"" y=""39.5"" as=""geometry"" />
        "
Page-1,f_vb0bReNq_PyX6GKsqe-16,f_vb0bReNq_PyX6GKsqe-8,gouda_motion_controller,未決,確定の明示なし,diagram[1]/root/*[18] (id=f_vb0bReNq_PyX6GKsqe-16),"{""id"": ""f_vb0bReNq_PyX6GKsqe-16"", ""parent"": ""f_vb0bReNq_PyX6GKsqe-8"", ""style"": ""swimlane;whiteSpace=wrap;html=1;"", ""value"": ""gouda_motion_controller"", ""vertex"": ""1""}","<mxGeometry height=""110"" width=""287"" x=""683"" y=""445"" as=""geometry"" />
        "
Page-1,x5bDQh8FaZrcMh8EckeY-34,f_vb0bReNq_PyX6GKsqe-16,目標速度ベクトルと角速度を、emc-270のジョイスティック操作特性と遅延特性等を考慮して、ジョイスティック操作指令列を生成,未決,確定の明示なし,diagram[1]/root/*[19] (id=x5bDQh8FaZrcMh8EckeY-34),"{""id"": ""x5bDQh8FaZrcMh8EckeY-34"", ""parent"": ""f_vb0bReNq_PyX6GKsqe-16"", ""style"": ""text;html=1;whiteSpace=wrap;strokeColor=none;fillColor=none;align=center;verticalAlign=middle;rounded=0;"", ""value"": ""目標速度ベクトルと角速度を、emc-270のジョイスティック操作特性と遅延特性等を考慮して、ジョイスティック操作指令列を生成"", ""vertex"": ""1""}","<mxGeometry height=""30"" width=""170"" x=""57"" y=""55"" as=""geometry"" />
        "
Page-1,f_vb0bReNq_PyX6GKsqe-37,f_vb0bReNq_PyX6GKsqe-8,hesai_ros_driver,未決,確定の明示なし,diagram[1]/root/*[23] (id=f_vb0bReNq_PyX6GKsqe-37),"{""id"": ""f_vb0bReNq_PyX6GKsqe-37"", ""parent"": ""f_vb0bReNq_PyX6GKsqe-8"", ""style"": ""swimlane;whiteSpace=wrap;html=1;"", ""value"": ""hesai_ros_driver"", ""vertex"": ""1""}","<mxGeometry height=""130"" width=""170"" x=""1600"" y=""170"" as=""geometry"" />
        "
Page-1,f_vb0bReNq_PyX6GKsqe-35,f_vb0bReNq_PyX6GKsqe-8,RViz,未決,確定の明示なし,diagram[1]/root/*[24] (id=f_vb0bReNq_PyX6GKsqe-35),"{""id"": ""f_vb0bReNq_PyX6GKsqe-35"", ""parent"": ""f_vb0bReNq_PyX6GKsqe-8"", ""style"": ""swimlane;whiteSpace=wrap;html=1;"", ""value"": ""RViz"", ""vertex"": ""1""}","<mxGeometry height=""75"" width=""160"" x=""30"" y=""130"" as=""geometry"" />
        "
Page-1,x5bDQh8FaZrcMh8EckeY-92,f_vb0bReNq_PyX6GKsqe-35,ROS上のデータの可視化,未決,確定の明示なし,diagram[1]/root/*[25] (id=x5bDQh8FaZrcMh8EckeY-92),"{""id"": ""x5bDQh8FaZrcMh8EckeY-92"", ""parent"": ""f_vb0bReNq_PyX6GKsqe-35"", ""style"": ""text;html=1;whiteSpace=wrap;strokeColor=none;fillColor=none;align=center;verticalAlign=middle;rounded=0;"", ""value"": ""ROS上のデータの可視化"", ""vertex"": ""1""}","<mxGeometry height=""30"" width=""80"" x=""37"" y=""33"" as=""geometry"" />
        "
Page-1,x5bDQh8FaZrcMh8EckeY-160,x5bDQh8FaZrcMh8EckeY-142,heartbeat,未決,確定の明示なし,diagram[1]/root/*[28] (id=x5bDQh8FaZrcMh8EckeY-160),"{""id"": ""x5bDQh8FaZrcMh8EckeY-160"", ""connectable"": ""0"", ""parent"": ""x5bDQh8FaZrcMh8EckeY-142"", ""style"": ""edgeLabel;html=1;align=center;verticalAlign=middle;resizable=0;points=[];"", ""value"": ""heartbeat"", ""vertex"": ""1""}","<mxGeometry relative=""1"" x=""0.1462"" y=""3"" as=""geometry"">
            <mxPoint as=""offset"" />
          </mxGeometry>
        "
Page-1,f_vb0bReNq_PyX6GKsqe-39,f_vb0bReNq_PyX6GKsqe-8,vehicle_bridge,未決,確定の明示なし,diagram[1]/root/*[30] (id=f_vb0bReNq_PyX6GKsqe-39),"{""id"": ""f_vb0bReNq_PyX6GKsqe-39"", ""parent"": ""f_vb0bReNq_PyX6GKsqe-8"", ""style"": ""swimlane;whiteSpace=wrap;html=1;"", ""value"": ""vehicle_bridge"", ""vertex"": ""1""}","<mxGeometry height=""110"" width=""210"" x=""683"" y=""740"" as=""geometry"" />
        "
Page-1,x5bDQh8FaZrcMh8EckeY-35,f_vb0bReNq_PyX6GKsqe-39,PCとesp32間の通信を担当,未決,確定の明示なし,diagram[1]/root/*[31] (id=x5bDQh8FaZrcMh8EckeY-35),"{""id"": ""x5bDQh8FaZrcMh8EckeY-35"", ""parent"": ""f_vb0bReNq_PyX6GKsqe-39"", ""style"": ""text;html=1;whiteSpace=wrap;strokeColor=none;fillColor=none;align=center;verticalAlign=middle;rounded=0;"", ""value"": ""PCとesp32間の通信を担当"", ""vertex"": ""1""}","<mxGeometry height=""30"" width=""60"" x=""75"" y=""60"" as=""geometry"" />
        "
Page-1,f_vb0bReNq_PyX6GKsqe-38,f_vb0bReNq_PyX6GKsqe-8,adi_imu_driver,未決,確定の明示なし,diagram[1]/root/*[34] (id=f_vb0bReNq_PyX6GKsqe-38),"{""id"": ""f_vb0bReNq_PyX6GKsqe-38"", ""parent"": ""f_vb0bReNq_PyX6GKsqe-8"", ""style"": ""swimlane;whiteSpace=wrap;html=1;"", ""value"": ""adi_imu_driver"", ""vertex"": ""1""}","<mxGeometry height=""200"" width=""200"" x=""1570"" y=""435"" as=""geometry"" />
        "
Page-1,f_vb0bReNq_PyX6GKsqe-43,f_vb0bReNq_PyX6GKsqe-8,urg_node2,未決,確定の明示なし,diagram[1]/root/*[35] (id=f_vb0bReNq_PyX6GKsqe-43),"{""id"": ""f_vb0bReNq_PyX6GKsqe-43"", ""parent"": ""f_vb0bReNq_PyX6GKsqe-8"", ""style"": ""swimlane;whiteSpace=wrap;html=1;"", ""value"": ""urg_node2"", ""vertex"": ""1""}","<mxGeometry height=""200"" width=""200"" x=""1570"" y=""650"" as=""geometry"" />
        "
Page-1,f_vb0bReNq_PyX6GKsqe-14,f_vb0bReNq_PyX6GKsqe-8,Navigation,未決,確定の明示なし,diagram[1]/root/*[38] (id=f_vb0bReNq_PyX6GKsqe-14),"{""id"": ""f_vb0bReNq_PyX6GKsqe-14"", ""parent"": ""f_vb0bReNq_PyX6GKsqe-8"", ""style"": ""swimlane;whiteSpace=wrap;html=1;"", ""value"": ""Navigation"", ""vertex"": ""1""}","<mxGeometry height=""130"" width=""180"" x=""620"" y=""295"" as=""geometry"">
            <mxRectangle height=""30"" width=""140"" x=""500"" y=""32.5"" as=""alternateBounds"" />
          </mxGeometry>
        "
Page-1,x5bDQh8FaZrcMh8EckeY-76,f_vb0bReNq_PyX6GKsqe-14,現在位置・目標・環境情報、障害物情報から、経路及び速度・角速度要求を出す。global_planningとlocal_planningを担当<br><br>内部構造は別途記述,未決,確定の明示なし,diagram[1]/root/*[39] (id=x5bDQh8FaZrcMh8EckeY-76),"{""id"": ""x5bDQh8FaZrcMh8EckeY-76"", ""parent"": ""f_vb0bReNq_PyX6GKsqe-14"", ""style"": ""text;html=1;whiteSpace=wrap;strokeColor=none;fillColor=none;align=center;verticalAlign=middle;rounded=0;"", ""value"": ""現在位置・目標・環境情報、障害物情報から、経路及び速度・角速度要求を出す。global_planningとlocal_planningを担当<br><br>内部構造は別途記述"", ""vertex"": ""1""}","<mxGeometry height=""75"" width=""144"" x=""16"" y=""37"" as=""geometry"" />
        "
Page-1,x5bDQh8FaZrcMh8EckeY-11,f_vb0bReNq_PyX6GKsqe-8,gouda_safety_supervisor,未決,確定の明示なし,diagram[1]/root/*[42] (id=x5bDQh8FaZrcMh8EckeY-11),"{""id"": ""x5bDQh8FaZrcMh8EckeY-11"", ""parent"": ""f_vb0bReNq_PyX6GKsqe-8"", ""style"": ""swimlane;whiteSpace=wrap;html=1;"", ""value"": ""gouda_safety_supervisor"", ""vertex"": ""1""}","<mxGeometry height=""150"" width=""200"" x=""415"" y=""570"" as=""geometry"" />
        "
Page-1,x5bDQh8FaZrcMh8EckeY-80,x5bDQh8FaZrcMh8EckeY-11,"PC・esp32上のシステムfailureを監視し、自律走行可否判断<span style=""background-color: transparent; color: light-dark(rgb(0, 0, 0), rgb(255, 255, 255));"">を出力する</span>",未決,確定の明示なし,diagram[1]/root/*[43] (id=x5bDQh8FaZrcMh8EckeY-80),"{""id"": ""x5bDQh8FaZrcMh8EckeY-80"", ""parent"": ""x5bDQh8FaZrcMh8EckeY-11"", ""style"": ""text;html=1;whiteSpace=wrap;strokeColor=none;fillColor=none;align=center;verticalAlign=middle;rounded=0;"", ""value"": ""PC・esp32上のシステムfailureを監視し、自律走行可否判断<span style=\""background-color: transparent; color: light-dark(rgb(0, 0, 0), rgb(255, 255, 255));\"">を出力する</span>"", ""vertex"": ""1""}","<mxGeometry height=""82.5"" width=""170"" x=""12"" y=""40"" as=""geometry"" />
        "
Page-1,x5bDQh8FaZrcMh8EckeY-15,f_vb0bReNq_PyX6GKsqe-8,map_creator,未決,確定の明示なし,diagram[1]/root/*[45] (id=x5bDQh8FaZrcMh8EckeY-15),"{""id"": ""x5bDQh8FaZrcMh8EckeY-15"", ""parent"": ""f_vb0bReNq_PyX6GKsqe-8"", ""style"": ""swimlane;whiteSpace=wrap;html=1;"", ""value"": ""map_creator"", ""vertex"": ""1""}","<mxGeometry height=""90"" width=""190"" x=""1150"" y=""175"" as=""geometry"" />
        "
Page-1,x5bDQh8FaZrcMh8EckeY-74,x5bDQh8FaZrcMh8EckeY-15,"3D地図から, 自己位置推定やNavigation, waypointの設定に使用可能な複数の地図と付随情報を生成",未決,確定の明示なし,diagram[1]/root/*[46] (id=x5bDQh8FaZrcMh8EckeY-74),"{""id"": ""x5bDQh8FaZrcMh8EckeY-74"", ""parent"": ""x5bDQh8FaZrcMh8EckeY-15"", ""style"": ""text;html=1;whiteSpace=wrap;strokeColor=none;fillColor=none;align=center;verticalAlign=middle;rounded=0;"", ""value"": ""3D地図から, 自己位置推定やNavigation, waypointの設定に使用可能な複数の地図と付随情報を生成"", ""vertex"": ""1""}","<mxGeometry height=""60"" width=""150"" x=""20"" y=""30"" as=""geometry"" />
        "
Page-1,x5bDQh8FaZrcMh8EckeY-27,f_vb0bReNq_PyX6GKsqe-8,Global_localization,未決,確定の明示なし,diagram[1]/root/*[48] (id=x5bDQh8FaZrcMh8EckeY-27),"{""id"": ""x5bDQh8FaZrcMh8EckeY-27"", ""parent"": ""f_vb0bReNq_PyX6GKsqe-8"", ""style"": ""swimlane;whiteSpace=wrap;html=1;"", ""value"": ""Global_localization"", ""vertex"": ""1""}","<mxGeometry height=""100"" width=""180"" x=""620"" y=""165"" as=""geometry"" />
        "
Page-1,x5bDQh8FaZrcMh8EckeY-75,x5bDQh8FaZrcMh8EckeY-27,保存済み地図上での現在位置と map→odom の対応を推定・提供,未決,確定の明示なし,diagram[1]/root/*[49] (id=x5bDQh8FaZrcMh8EckeY-75),"{""id"": ""x5bDQh8FaZrcMh8EckeY-75"", ""parent"": ""x5bDQh8FaZrcMh8EckeY-27"", ""style"": ""text;html=1;whiteSpace=wrap;strokeColor=none;fillColor=none;align=center;verticalAlign=middle;rounded=0;"", ""value"": ""保存済み地図上での現在位置と map→odom の対応を推定・提供"", ""vertex"": ""1""}","<mxGeometry height=""47.5"" width=""135"" x=""16"" y=""37.5"" as=""geometry"" />
        "
Page-1,x5bDQh8FaZrcMh8EckeY-28,f_vb0bReNq_PyX6GKsqe-8,Safety_gate,未決,確定の明示なし,diagram[1]/root/*[52] (id=x5bDQh8FaZrcMh8EckeY-28),"{""id"": ""x5bDQh8FaZrcMh8EckeY-28"", ""parent"": ""f_vb0bReNq_PyX6GKsqe-8"", ""style"": ""swimlane;whiteSpace=wrap;html=1;"", ""value"": ""Safety_gate"", ""vertex"": ""1""}","<mxGeometry height=""90"" width=""190"" x=""693"" y=""600"" as=""geometry"" />
        "
Page-1,x5bDQh8FaZrcMh8EckeY-81,x5bDQh8FaZrcMh8EckeY-28,gouda_safety_supervisorの判定結果を元にmotion_controllerの指示の実行を制御,未決,確定の明示なし,diagram[1]/root/*[53] (id=x5bDQh8FaZrcMh8EckeY-81),"{""id"": ""x5bDQh8FaZrcMh8EckeY-81"", ""parent"": ""x5bDQh8FaZrcMh8EckeY-28"", ""style"": ""text;html=1;whiteSpace=wrap;strokeColor=none;fillColor=none;align=center;verticalAlign=middle;rounded=0;"", ""value"": ""gouda_safety_supervisorの判定結果を元にmotion_controllerの指示の実行を制御"", ""vertex"": ""1""}","<mxGeometry height=""30"" width=""100"" x=""47"" y=""40"" as=""geometry"" />
        "
Page-1,x5bDQh8FaZrcMh8EckeY-157,x5bDQh8FaZrcMh8EckeY-138,heartbeat,未決,確定の明示なし,diagram[1]/root/*[57] (id=x5bDQh8FaZrcMh8EckeY-157),"{""id"": ""x5bDQh8FaZrcMh8EckeY-157"", ""connectable"": ""0"", ""parent"": ""x5bDQh8FaZrcMh8EckeY-138"", ""style"": ""edgeLabel;html=1;align=center;verticalAlign=middle;resizable=0;points=[];"", ""value"": ""heartbeat"", ""vertex"": ""1""}","<mxGeometry relative=""1"" x=""0.1298"" y=""1"" as=""geometry"">
            <mxPoint as=""offset"" />
          </mxGeometry>
        "
Page-1,x5bDQh8FaZrcMh8EckeY-32,f_vb0bReNq_PyX6GKsqe-8,信号機認識,未決,確定の明示なし,diagram[1]/root/*[58] (id=x5bDQh8FaZrcMh8EckeY-32),"{""id"": ""x5bDQh8FaZrcMh8EckeY-32"", ""parent"": ""f_vb0bReNq_PyX6GKsqe-8"", ""style"": ""swimlane;whiteSpace=wrap;html=1;"", ""value"": ""信号機認識"", ""vertex"": ""1""}","<mxGeometry height=""110"" width=""210"" x=""90"" y=""600"" as=""geometry"" />
        "
Page-1,x5bDQh8FaZrcMh8EckeY-98,x5bDQh8FaZrcMh8EckeY-32,歩行者用信号機の状態・信頼度・観測時刻を提供,未決,確定の明示なし,diagram[1]/root/*[59] (id=x5bDQh8FaZrcMh8EckeY-98),"{""id"": ""x5bDQh8FaZrcMh8EckeY-98"", ""parent"": ""x5bDQh8FaZrcMh8EckeY-32"", ""style"": ""text;html=1;whiteSpace=wrap;strokeColor=none;fillColor=none;align=center;verticalAlign=middle;rounded=0;"", ""value"": ""歩行者用信号機の状態・信頼度・観測時刻を提供"", ""vertex"": ""1""}","<mxGeometry height=""30"" width=""120"" x=""40"" y=""50"" as=""geometry"" />
        "
Page-1,x5bDQh8FaZrcMh8EckeY-38,f_vb0bReNq_PyX6GKsqe-8,ナンバープレート認識,未決,確定の明示なし,diagram[1]/root/*[64] (id=x5bDQh8FaZrcMh8EckeY-38),"{""id"": ""x5bDQh8FaZrcMh8EckeY-38"", ""parent"": ""f_vb0bReNq_PyX6GKsqe-8"", ""style"": ""swimlane;whiteSpace=wrap;html=1;"", ""value"": ""ナンバープレート認識"", ""vertex"": ""1""}","<mxGeometry height=""135"" width=""170"" x=""30"" y=""727.5"" as=""geometry"" />
        "
Page-1,x5bDQh8FaZrcMh8EckeY-106,x5bDQh8FaZrcMh8EckeY-38,他ロボットのナンバープレートを検出・認識し、結果を提供する,未決,確定の明示なし,diagram[1]/root/*[65] (id=x5bDQh8FaZrcMh8EckeY-106),"{""id"": ""x5bDQh8FaZrcMh8EckeY-106"", ""parent"": ""x5bDQh8FaZrcMh8EckeY-38"", ""style"": ""text;html=1;whiteSpace=wrap;strokeColor=none;fillColor=none;align=center;verticalAlign=middle;rounded=0;"", ""value"": ""他ロボットのナンバープレートを検出・認識し、結果を提供する"", ""vertex"": ""1""}","<mxGeometry height=""47.5"" width=""100"" x=""35"" y=""57.5"" as=""geometry"" />
        "
Page-1,x5bDQh8FaZrcMh8EckeY-55,f_vb0bReNq_PyX6GKsqe-8,Map_Database,未決,確定の明示なし,diagram[1]/root/*[69] (id=x5bDQh8FaZrcMh8EckeY-55),"{""id"": ""x5bDQh8FaZrcMh8EckeY-55"", ""parent"": ""f_vb0bReNq_PyX6GKsqe-8"", ""style"": ""swimlane;whiteSpace=wrap;html=1;"", ""value"": ""Map_Database"", ""vertex"": ""1""}","<mxGeometry height=""75"" width=""175"" x=""910"" y=""190"" as=""geometry"" />
        "
Page-1,x5bDQh8FaZrcMh8EckeY-60,x5bDQh8FaZrcMh8EckeY-55,mapと付随情報を保存・提供するデータベース,未決,確定の明示なし,diagram[1]/root/*[70] (id=x5bDQh8FaZrcMh8EckeY-60),"{""id"": ""x5bDQh8FaZrcMh8EckeY-60"", ""parent"": ""x5bDQh8FaZrcMh8EckeY-55"", ""style"": ""text;html=1;whiteSpace=wrap;strokeColor=none;fillColor=none;align=center;verticalAlign=middle;rounded=0;"", ""value"": ""mapと付随情報を保存・提供するデータベース"", ""vertex"": ""1""}","<mxGeometry height=""30"" width=""150"" x=""12.5"" y=""30"" as=""geometry"" />
        "
Page-1,4S4QAY9o3vVNfXHAsMHo-26,x5bDQh8FaZrcMh8EckeY-58,map→odom,未決,確定の明示なし,diagram[1]/root/*[72] (id=4S4QAY9o3vVNfXHAsMHo-26),"{""id"": ""4S4QAY9o3vVNfXHAsMHo-26"", ""connectable"": ""0"", ""parent"": ""x5bDQh8FaZrcMh8EckeY-58"", ""style"": ""edgeLabel;html=1;align=center;verticalAlign=middle;resizable=0;points=[];"", ""value"": ""map→odom"", ""vertex"": ""1""}","<mxGeometry relative=""1"" x=""-0.166"" y=""-2"" as=""geometry"">
            <mxPoint as=""offset"" />
          </mxGeometry>
        "
Page-1,x5bDQh8FaZrcMh8EckeY-77,f_vb0bReNq_PyX6GKsqe-8,Waypoint_database,未決,確定の明示なし,diagram[1]/root/*[75] (id=x5bDQh8FaZrcMh8EckeY-77),"{""id"": ""x5bDQh8FaZrcMh8EckeY-77"", ""parent"": ""f_vb0bReNq_PyX6GKsqe-8"", ""style"": ""swimlane;whiteSpace=wrap;html=1;"", ""value"": ""Waypoint_database"", ""vertex"": ""1""}","<mxGeometry height=""180"" width=""220"" x=""380"" y=""305"" as=""geometry"" />
        "
Page-1,x5bDQh8FaZrcMh8EckeY-119,x5bDQh8FaZrcMh8EckeY-77,選択課題Bについて、信号機の場所情報も保持,未決,確定の明示なし,diagram[1]/root/*[76] (id=x5bDQh8FaZrcMh8EckeY-119),"{""id"": ""x5bDQh8FaZrcMh8EckeY-119"", ""parent"": ""x5bDQh8FaZrcMh8EckeY-77"", ""style"": ""text;html=1;whiteSpace=wrap;strokeColor=none;fillColor=none;align=center;verticalAlign=middle;rounded=0;"", ""value"": ""選択課題Bについて、信号機の場所情報も保持"", ""vertex"": ""1""}","<mxGeometry height=""30"" width=""120"" x=""15"" y=""87"" as=""geometry"" />
        "
Page-1,x5bDQh8FaZrcMh8EckeY-125,x5bDQh8FaZrcMh8EckeY-77,共通課題について、追越禁止場所・停止線の場所等の情報保持,未決,確定の明示なし,diagram[1]/root/*[77] (id=x5bDQh8FaZrcMh8EckeY-125),"{""id"": ""x5bDQh8FaZrcMh8EckeY-125"", ""parent"": ""x5bDQh8FaZrcMh8EckeY-77"", ""style"": ""text;html=1;whiteSpace=wrap;strokeColor=none;fillColor=none;align=center;verticalAlign=middle;rounded=0;"", ""value"": ""共通課題について、追越禁止場所・停止線の場所等の情報保持"", ""vertex"": ""1""}","<mxGeometry height=""30"" width=""128"" x=""11"" y=""137"" as=""geometry"" />
        "
Page-1,x5bDQh8FaZrcMh8EckeY-79,x5bDQh8FaZrcMh8EckeY-77,地図上のwaypointを参照map_id・座標系とともに保存し、編集ツール・Navigation・task controllerへ提供するデータベース,未決,確定の明示なし,diagram[1]/root/*[78] (id=x5bDQh8FaZrcMh8EckeY-79),"{""id"": ""x5bDQh8FaZrcMh8EckeY-79"", ""parent"": ""x5bDQh8FaZrcMh8EckeY-77"", ""style"": ""text;html=1;whiteSpace=wrap;strokeColor=none;fillColor=none;align=center;verticalAlign=middle;rounded=0;"", ""value"": ""地図上のwaypointを参照map_id・座標系とともに保存し、編集ツール・Navigation・task controllerへ提供するデータベース"", ""vertex"": ""1""}","<mxGeometry height=""30"" width=""210"" x=""11"" y=""37"" as=""geometry"" />
        "
Page-1,x5bDQh8FaZrcMh8EckeY-276,x5bDQh8FaZrcMh8EckeY-273,全体のシステム状態を取得,未決,確定の明示なし,diagram[1]/root/*[80] (id=x5bDQh8FaZrcMh8EckeY-276),"{""id"": ""x5bDQh8FaZrcMh8EckeY-276"", ""connectable"": ""0"", ""parent"": ""x5bDQh8FaZrcMh8EckeY-273"", ""style"": ""edgeLabel;html=1;align=center;verticalAlign=middle;resizable=0;points=[];"", ""value"": ""全体のシステム状態を取得"", ""vertex"": ""1""}","<mxGeometry relative=""1"" x=""0.8421"" y=""2"" as=""geometry"">
            <mxPoint as=""offset"" />
          </mxGeometry>
        "
Page-1,x5bDQh8FaZrcMh8EckeY-83,f_vb0bReNq_PyX6GKsqe-8,gouda_logger,未決,確定の明示なし,diagram[1]/root/*[82] (id=x5bDQh8FaZrcMh8EckeY-83),"{""id"": ""x5bDQh8FaZrcMh8EckeY-83"", ""parent"": ""f_vb0bReNq_PyX6GKsqe-8"", ""style"": ""swimlane;whiteSpace=wrap;html=1;"", ""value"": ""gouda_logger"", ""vertex"": ""1""}","<mxGeometry height=""100"" width=""200"" x=""883"" y=""325"" as=""geometry"" />
        "
Page-1,x5bDQh8FaZrcMh8EckeY-91,x5bDQh8FaZrcMh8EckeY-83,観測・推定・判断・制御・システム状態を時刻付きで記録,未決,確定の明示なし,diagram[1]/root/*[83] (id=x5bDQh8FaZrcMh8EckeY-91),"{""id"": ""x5bDQh8FaZrcMh8EckeY-91"", ""parent"": ""x5bDQh8FaZrcMh8EckeY-83"", ""style"": ""text;html=1;whiteSpace=wrap;strokeColor=none;fillColor=none;align=center;verticalAlign=middle;rounded=0;"", ""value"": ""観測・推定・判断・制御・システム状態を時刻付きで記録"", ""vertex"": ""1""}","<mxGeometry height=""30"" width=""100"" y=""37"" as=""geometry"" />
        "
Page-1,2TSgiu6-nVzXwyzMdGmE-1,x5bDQh8FaZrcMh8EckeY-83,loggerは全topicを受動的に購読する,未決,確定の明示なし,diagram[1]/root/*[84] (id=2TSgiu6-nVzXwyzMdGmE-1),"{""id"": ""2TSgiu6-nVzXwyzMdGmE-1"", ""parent"": ""x5bDQh8FaZrcMh8EckeY-83"", ""style"": ""text;html=1;whiteSpace=wrap;strokeColor=none;fillColor=none;align=center;verticalAlign=middle;rounded=0;"", ""value"": ""loggerは全topicを受動的に購読する"", ""vertex"": ""1""}","<mxGeometry height=""30"" width=""60"" x=""117"" y=""47"" as=""geometry"" />
        "
Page-1,x5bDQh8FaZrcMh8EckeY-12,f_vb0bReNq_PyX6GKsqe-8,gouda_monitor,未決,確定の明示なし,diagram[1]/root/*[87] (id=x5bDQh8FaZrcMh8EckeY-12),"{""id"": ""x5bDQh8FaZrcMh8EckeY-12"", ""parent"": ""f_vb0bReNq_PyX6GKsqe-8"", ""style"": ""swimlane;whiteSpace=wrap;html=1;"", ""value"": ""gouda_monitor"", ""vertex"": ""1""}","<mxGeometry height=""135"" width=""180"" x=""200"" y=""130"" as=""geometry"" />
        "
Page-1,x5bDQh8FaZrcMh8EckeY-103,x5bDQh8FaZrcMh8EckeY-12,ミッション状態・車両状態の統合表示・統合操作画面を描画,未決,確定の明示なし,diagram[1]/root/*[88] (id=x5bDQh8FaZrcMh8EckeY-103),"{""id"": ""x5bDQh8FaZrcMh8EckeY-103"", ""parent"": ""x5bDQh8FaZrcMh8EckeY-12"", ""style"": ""text;html=1;whiteSpace=wrap;strokeColor=none;fillColor=none;align=center;verticalAlign=middle;rounded=0;"", ""value"": ""ミッション状態・車両状態の統合表示・統合操作画面を描画"", ""vertex"": ""1""}","<mxGeometry height=""60"" width=""128"" x=""17"" y=""45"" as=""geometry"" />
        "
Page-1,x5bDQh8FaZrcMh8EckeY-161,x5bDQh8FaZrcMh8EckeY-149,heartbeat,未決,確定の明示なし,diagram[1]/root/*[90] (id=x5bDQh8FaZrcMh8EckeY-161),"{""id"": ""x5bDQh8FaZrcMh8EckeY-161"", ""connectable"": ""0"", ""parent"": ""x5bDQh8FaZrcMh8EckeY-149"", ""style"": ""edgeLabel;html=1;align=center;verticalAlign=middle;resizable=0;points=[];"", ""value"": ""heartbeat"", ""vertex"": ""1""}","<mxGeometry relative=""1"" x=""0.9065"" y=""-1"" as=""geometry"">
            <mxPoint as=""offset"" />
          </mxGeometry>
        "
Page-1,x5bDQh8FaZrcMh8EckeY-33,f_vb0bReNq_PyX6GKsqe-8,障害物認識,未決,確定の明示なし,diagram[1]/root/*[92] (id=x5bDQh8FaZrcMh8EckeY-33),"{""id"": ""x5bDQh8FaZrcMh8EckeY-33"", ""parent"": ""f_vb0bReNq_PyX6GKsqe-8"", ""style"": ""swimlane;whiteSpace=wrap;html=1;"", ""value"": ""障害物認識"", ""vertex"": ""1""}","<mxGeometry height=""200"" width=""200"" x=""1340"" y=""700"" as=""geometry"" />
        "
Page-1,x5bDQh8FaZrcMh8EckeY-105,x5bDQh8FaZrcMh8EckeY-33,原則として障害物情報はNavigationに渡して停止・回避動作を行わせるが、緊急時はmotion_controllerに緊急停止信号をいれる。,未決,確定の明示なし,diagram[1]/root/*[93] (id=x5bDQh8FaZrcMh8EckeY-105),"{""id"": ""x5bDQh8FaZrcMh8EckeY-105"", ""parent"": ""x5bDQh8FaZrcMh8EckeY-33"", ""style"": ""text;html=1;whiteSpace=wrap;strokeColor=none;fillColor=none;align=center;verticalAlign=middle;rounded=0;"", ""value"": ""原則として障害物情報はNavigationに渡して停止・回避動作を行わせるが、緊急時はmotion_controllerに緊急停止信号をいれる。"", ""vertex"": ""1""}","<mxGeometry height=""90"" width=""160"" x=""10"" y=""82"" as=""geometry"" />
        "
Page-1,x5bDQh8FaZrcMh8EckeY-109,x5bDQh8FaZrcMh8EckeY-33,障害物の位置・形状を検出して提供,未決,確定の明示なし,diagram[1]/root/*[94] (id=x5bDQh8FaZrcMh8EckeY-109),"{""id"": ""x5bDQh8FaZrcMh8EckeY-109"", ""parent"": ""x5bDQh8FaZrcMh8EckeY-33"", ""style"": ""text;html=1;whiteSpace=wrap;strokeColor=none;fillColor=none;align=center;verticalAlign=middle;rounded=0;"", ""value"": ""障害物の位置・形状を検出して提供"", ""vertex"": ""1""}","<mxGeometry height=""30"" width=""120"" x=""10"" y=""40"" as=""geometry"" />
        "
Page-1,x5bDQh8FaZrcMh8EckeY-113,f_vb0bReNq_PyX6GKsqe-8,gouda_crosswalk_controller_for_tc2026,未決,確定の明示なし,diagram[1]/root/*[98] (id=x5bDQh8FaZrcMh8EckeY-113),"{""id"": ""x5bDQh8FaZrcMh8EckeY-113"", ""parent"": ""f_vb0bReNq_PyX6GKsqe-8"", ""style"": ""swimlane;whiteSpace=wrap;html=1;startSize=23;"", ""value"": ""gouda_crosswalk_controller_for_tc2026"", ""vertex"": ""1""}","<mxGeometry height=""147.5"" width=""260"" x=""110"" y=""382.5"" as=""geometry"" />
        "
Page-1,x5bDQh8FaZrcMh8EckeY-115,x5bDQh8FaZrcMh8EckeY-113,<div>2026年大会公式ルールにそって、横断歩道における待機列への進入、停止線での停止、オペレータ再開、道路端での停止、横断開始条件の判定、横断完了までの状態遷移を管理</div>,未決,確定の明示なし,diagram[1]/root/*[99] (id=x5bDQh8FaZrcMh8EckeY-115),"{""id"": ""x5bDQh8FaZrcMh8EckeY-115"", ""parent"": ""x5bDQh8FaZrcMh8EckeY-113"", ""style"": ""text;html=1;whiteSpace=wrap;strokeColor=none;fillColor=none;align=center;verticalAlign=middle;rounded=0;"", ""value"": ""<div>2026年大会公式ルールにそって、横断歩道における待機列への進入、停止線での停止、オペレータ再開、道路端での停止、横断開始条件の判定、横断完了までの状態遷移を管理</div>"", ""vertex"": ""1""}","<mxGeometry height=""90"" width=""240"" x=""10"" y=""39.5"" as=""geometry"" />
        "
Page-1,x5bDQh8FaZrcMh8EckeY-120,f_vb0bReNq_PyX6GKsqe-8,gouda_white_line_monitor_for_tc2026,未決,確定の明示なし,diagram[1]/root/*[102] (id=x5bDQh8FaZrcMh8EckeY-120),"{""id"": ""x5bDQh8FaZrcMh8EckeY-120"", ""parent"": ""f_vb0bReNq_PyX6GKsqe-8"", ""style"": ""swimlane;whiteSpace=wrap;html=1;startSize=33;"", ""value"": ""gouda_white_line_monitor_for_tc2026"", ""vertex"": ""1""}","<mxGeometry height=""100"" width=""240"" x=""30"" y=""269"" as=""geometry"" />
        "
Page-1,x5bDQh8FaZrcMh8EckeY-121,x5bDQh8FaZrcMh8EckeY-120,横断歩道前の白線を認識。共通課題でも使用。ロボットとの相対位置を提供,未決,確定の明示なし,diagram[1]/root/*[103] (id=x5bDQh8FaZrcMh8EckeY-121),"{""id"": ""x5bDQh8FaZrcMh8EckeY-121"", ""parent"": ""x5bDQh8FaZrcMh8EckeY-120"", ""style"": ""text;html=1;whiteSpace=wrap;strokeColor=none;fillColor=none;align=center;verticalAlign=middle;rounded=0;"", ""value"": ""横断歩道前の白線を認識。共通課題でも使用。ロボットとの相対位置を提供"", ""vertex"": ""1""}","<mxGeometry height=""30"" width=""144"" x=""55"" y=""56"" as=""geometry"" />
        "
Page-1,x5bDQh8FaZrcMh8EckeY-159,x5bDQh8FaZrcMh8EckeY-148,heartbeat,未決,確定の明示なし,diagram[1]/root/*[107] (id=x5bDQh8FaZrcMh8EckeY-159),"{""id"": ""x5bDQh8FaZrcMh8EckeY-159"", ""connectable"": ""0"", ""parent"": ""x5bDQh8FaZrcMh8EckeY-148"", ""style"": ""edgeLabel;html=1;align=center;verticalAlign=middle;resizable=0;points=[];"", ""value"": ""heartbeat"", ""vertex"": ""1""}","<mxGeometry relative=""1"" x=""0.8023"" y=""-1"" as=""geometry"">
            <mxPoint as=""offset"" />
          </mxGeometry>
        "
Page-1,x5bDQh8FaZrcMh8EckeY-166,f_vb0bReNq_PyX6GKsqe-8,gouda_waypoint_manager,未決,確定の明示なし,diagram[1]/root/*[111] (id=x5bDQh8FaZrcMh8EckeY-166),"{""id"": ""x5bDQh8FaZrcMh8EckeY-166"", ""parent"": ""f_vb0bReNq_PyX6GKsqe-8"", ""style"": ""swimlane;whiteSpace=wrap;html=1;"", ""value"": ""gouda_waypoint_manager"", ""vertex"": ""1""}","<mxGeometry height=""130"" width=""200"" x=""390"" y=""135"" as=""geometry"" />
        "
Page-1,x5bDQh8FaZrcMh8EckeY-265,x5bDQh8FaZrcMh8EckeY-166,保存済みmapを参照し、waypoint（目標点列・通過順序）の作成・編集と、参照地図・座標系の整合性確認を行う,未決,確定の明示なし,diagram[1]/root/*[112] (id=x5bDQh8FaZrcMh8EckeY-265),"{""id"": ""x5bDQh8FaZrcMh8EckeY-265"", ""parent"": ""x5bDQh8FaZrcMh8EckeY-166"", ""style"": ""text;html=1;whiteSpace=wrap;strokeColor=none;fillColor=none;align=center;verticalAlign=middle;rounded=0;"", ""value"": ""保存済みmapを参照し、waypoint（目標点列・通過順序）の作成・編集と、参照地図・座標系の整合性確認を行う"", ""vertex"": ""1""}","<mxGeometry height=""75"" width=""160"" x=""20"" y=""35"" as=""geometry"" />
        "
Page-1,x5bDQh8FaZrcMh8EckeY-269,f_vb0bReNq_PyX6GKsqe-8,gouda_system_status,未決,確定の明示なし,diagram[1]/root/*[114] (id=x5bDQh8FaZrcMh8EckeY-269),"{""id"": ""x5bDQh8FaZrcMh8EckeY-269"", ""parent"": ""f_vb0bReNq_PyX6GKsqe-8"", ""style"": ""swimlane;whiteSpace=wrap;html=1;"", ""value"": ""gouda_system_status"", ""vertex"": ""1""}","<mxGeometry height=""90"" width=""220"" x=""320"" y=""760"" as=""geometry"" />
        "
Page-1,x5bDQh8FaZrcMh8EckeY-271,x5bDQh8FaZrcMh8EckeY-269,システム状態を取得して整理,未決,確定の明示なし,diagram[1]/root/*[115] (id=x5bDQh8FaZrcMh8EckeY-271),"{""id"": ""x5bDQh8FaZrcMh8EckeY-271"", ""parent"": ""x5bDQh8FaZrcMh8EckeY-269"", ""style"": ""text;html=1;whiteSpace=wrap;strokeColor=none;fillColor=none;align=center;verticalAlign=middle;rounded=0;"", ""value"": ""システム状態を取得して整理"", ""vertex"": ""1""}","<mxGeometry height=""60"" width=""170"" x=""25"" y=""32.5"" as=""geometry"" />
        "
Page-1,x5bDQh8FaZrcMh8EckeY-275,x5bDQh8FaZrcMh8EckeY-272,自律走行系のシステム状態を取得,未決,確定の明示なし,diagram[1]/root/*[117] (id=x5bDQh8FaZrcMh8EckeY-275),"{""id"": ""x5bDQh8FaZrcMh8EckeY-275"", ""connectable"": ""0"", ""parent"": ""x5bDQh8FaZrcMh8EckeY-272"", ""style"": ""edgeLabel;html=1;align=center;verticalAlign=middle;resizable=0;points=[];"", ""value"": ""自律走行系のシステム状態を取得"", ""vertex"": ""1""}","<mxGeometry relative=""1"" x=""-0.2572"" y=""-2"" as=""geometry"">
            <mxPoint y=""4"" as=""offset"" />
          </mxGeometry>
        "
Page-1,x5bDQh8FaZrcMh8EckeY-277,f_vb0bReNq_PyX6GKsqe-8,log_database,未決,確定の明示なし,diagram[1]/root/*[118] (id=x5bDQh8FaZrcMh8EckeY-277),"{""id"": ""x5bDQh8FaZrcMh8EckeY-277"", ""parent"": ""f_vb0bReNq_PyX6GKsqe-8"", ""style"": ""swimlane;whiteSpace=wrap;html=1;"", ""value"": ""log_database"", ""vertex"": ""1""}","<mxGeometry height=""90"" width=""144"" x=""1106"" y=""390"" as=""geometry"" />
        "
Page-1,x5bDQh8FaZrcMh8EckeY-279,x5bDQh8FaZrcMh8EckeY-277,gouda_loggerが生成したログの保存先,未決,確定の明示なし,diagram[1]/root/*[119] (id=x5bDQh8FaZrcMh8EckeY-279),"{""id"": ""x5bDQh8FaZrcMh8EckeY-279"", ""parent"": ""x5bDQh8FaZrcMh8EckeY-277"", ""style"": ""text;html=1;whiteSpace=wrap;strokeColor=none;fillColor=none;align=center;verticalAlign=middle;rounded=0;"", ""value"": ""gouda_loggerが生成したログの保存先"", ""vertex"": ""1""}","<mxGeometry height=""30"" width=""60"" x=""34"" y=""37.5"" as=""geometry"" />
        "
Page-1,4S4QAY9o3vVNfXHAsMHo-7,4S4QAY9o3vVNfXHAsMHo-6,heartbeat,未決,確定の明示なし,diagram[1]/root/*[122] (id=4S4QAY9o3vVNfXHAsMHo-7),"{""id"": ""4S4QAY9o3vVNfXHAsMHo-7"", ""connectable"": ""0"", ""parent"": ""4S4QAY9o3vVNfXHAsMHo-6"", ""style"": ""edgeLabel;html=1;align=center;verticalAlign=middle;resizable=0;points=[];"", ""value"": ""heartbeat"", ""vertex"": ""1""}","<mxGeometry relative=""1"" x=""-0.359"" y=""-1"" as=""geometry"">
            <mxPoint as=""offset"" />
          </mxGeometry>
        "
Page-1,4S4QAY9o3vVNfXHAsMHo-24,4S4QAY9o3vVNfXHAsMHo-18,"<div style=""text-align: left;""><br></div>",未決,確定の明示なし,diagram[1]/root/*[125] (id=4S4QAY9o3vVNfXHAsMHo-24),"{""id"": ""4S4QAY9o3vVNfXHAsMHo-24"", ""connectable"": ""0"", ""parent"": ""4S4QAY9o3vVNfXHAsMHo-18"", ""style"": ""edgeLabel;html=1;align=center;verticalAlign=middle;resizable=0;points=[];"", ""value"": ""<div style=\""text-align: left;\""><br></div>"", ""vertex"": ""1""}","<mxGeometry relative=""1"" x=""0.8221"" y=""-2"" as=""geometry"">
            <mxPoint as=""offset"" />
          </mxGeometry>
        "
Page-1,4S4QAY9o3vVNfXHAsMHo-25,4S4QAY9o3vVNfXHAsMHo-18,odom→base_link,未決,確定の明示なし,diagram[1]/root/*[126] (id=4S4QAY9o3vVNfXHAsMHo-25),"{""id"": ""4S4QAY9o3vVNfXHAsMHo-25"", ""connectable"": ""0"", ""parent"": ""4S4QAY9o3vVNfXHAsMHo-18"", ""style"": ""edgeLabel;html=1;align=center;verticalAlign=middle;resizable=0;points=[];"", ""value"": ""odom→base_link"", ""vertex"": ""1""}","<mxGeometry relative=""1"" x=""0.856"" y=""1"" as=""geometry"">
            <mxPoint x=""16"" as=""offset"" />
          </mxGeometry>
        "
Page-1,4S4QAY9o3vVNfXHAsMHo-1,f_vb0bReNq_PyX6GKsqe-8,local_odometry,未決,確定の明示なし,diagram[1]/root/*[127] (id=4S4QAY9o3vVNfXHAsMHo-1),"{""id"": ""4S4QAY9o3vVNfXHAsMHo-1"", ""parent"": ""f_vb0bReNq_PyX6GKsqe-8"", ""style"": ""swimlane;whiteSpace=wrap;html=1;"", ""value"": ""local_odometry"", ""vertex"": ""1""}","<mxGeometry height=""100"" width=""200"" x=""1160"" y=""592.5"" as=""geometry"" />
        "
Page-1,4S4QAY9o3vVNfXHAsMHo-5,4S4QAY9o3vVNfXHAsMHo-1,"<code style=""caret-color: rgb(0, 0, 0); font-size: medium; text-align: start;"">odom → base_linkとlocal odometryを提供。局所的な車体速度・角速度を推定。</code>",未決,確定の明示なし,diagram[1]/root/*[128] (id=4S4QAY9o3vVNfXHAsMHo-5),"{""id"": ""4S4QAY9o3vVNfXHAsMHo-5"", ""parent"": ""4S4QAY9o3vVNfXHAsMHo-1"", ""style"": ""text;html=1;whiteSpace=wrap;strokeColor=none;fillColor=none;align=center;verticalAlign=middle;rounded=0;"", ""value"": ""<code style=\""caret-color: rgb(0, 0, 0); font-size: medium; text-align: start;\"">odom → base_linkとlocal odometryを提供。局所的な車体速度・角速度を推定。</code>"", ""vertex"": ""1""}","<mxGeometry height=""30"" width=""160"" x=""25"" y=""42.5"" as=""geometry"" />
        "
Page-1,2TSgiu6-nVzXwyzMdGmE-4,f_vb0bReNq_PyX6GKsqe-8,"<code dir=""ltr"">gouda_mission_manager</code>",未決,確定の明示なし,diagram[1]/root/*[132] (id=2TSgiu6-nVzXwyzMdGmE-4),"{""id"": ""2TSgiu6-nVzXwyzMdGmE-4"", ""parent"": ""f_vb0bReNq_PyX6GKsqe-8"", ""style"": ""swimlane;whiteSpace=wrap;html=1;"", ""value"": ""<code dir=\""ltr\"">gouda_mission_manager</code>"", ""vertex"": ""1""}","<mxGeometry height=""110"" width=""200"" x=""630"" y=""25"" as=""geometry"" />
        "
Page-1,f_vb0bReNq_PyX6GKsqe-19,1,Hesai XT-32,未決,確定の明示なし,diagram[1]/root/*[135] (id=f_vb0bReNq_PyX6GKsqe-19),"{""id"": ""f_vb0bReNq_PyX6GKsqe-19"", ""parent"": ""1"", ""style"": ""swimlane;whiteSpace=wrap;html=1;"", ""value"": ""Hesai XT-32"", ""vertex"": ""1""}","<mxGeometry height=""520"" width=""690"" x=""1270"" y=""70"" as=""geometry"" />
        "
Page-1,f_vb0bReNq_PyX6GKsqe-20,f_vb0bReNq_PyX6GKsqe-19,"<pre dir=""ltr""><code>3D Measurement</code></pre>",未決,確定の明示なし,diagram[1]/root/*[136] (id=f_vb0bReNq_PyX6GKsqe-20),"{""id"": ""f_vb0bReNq_PyX6GKsqe-20"", ""parent"": ""f_vb0bReNq_PyX6GKsqe-19"", ""style"": ""swimlane;whiteSpace=wrap;html=1;"", ""value"": ""<pre dir=\""ltr\""><code>3D Measurement</code></pre>"", ""vertex"": ""1""}","<mxGeometry height=""230"" width=""210"" x=""40"" y=""70"" as=""geometry"" />
        "
Page-1,f_vb0bReNq_PyX6GKsqe-25,f_vb0bReNq_PyX6GKsqe-19,点群,未決,確定の明示なし,diagram[1]/root/*[137] (id=f_vb0bReNq_PyX6GKsqe-25),"{""id"": ""f_vb0bReNq_PyX6GKsqe-25"", ""parent"": ""f_vb0bReNq_PyX6GKsqe-19"", ""style"": ""swimlane;whiteSpace=wrap;html=1;"", ""value"": ""点群"", ""vertex"": ""1""}","<mxGeometry height=""130"" width=""170"" x=""40"" y=""350"" as=""geometry"" />
        "
Page-1,f_vb0bReNq_PyX6GKsqe-21,1,ADIS16607-2,未決,確定の明示なし,diagram[1]/root/*[139] (id=f_vb0bReNq_PyX6GKsqe-21),"{""id"": ""f_vb0bReNq_PyX6GKsqe-21"", ""parent"": ""1"", ""style"": ""swimlane;whiteSpace=wrap;html=1;"", ""value"": ""ADIS16607-2"", ""vertex"": ""1""}","<mxGeometry height=""550"" width=""980"" x=""2050"" y=""70"" as=""geometry"" />
        "
Page-1,f_vb0bReNq_PyX6GKsqe-30,f_vb0bReNq_PyX6GKsqe-21,Timestamp,未決,確定の明示なし,diagram[1]/root/*[140] (id=f_vb0bReNq_PyX6GKsqe-30),"{""id"": ""f_vb0bReNq_PyX6GKsqe-30"", ""parent"": ""f_vb0bReNq_PyX6GKsqe-21"", ""style"": ""swimlane;whiteSpace=wrap;html=1;"", ""value"": ""Timestamp"", ""vertex"": ""1""}","<mxGeometry height=""100"" width=""170"" x=""30"" y=""60"" as=""geometry"" />
        "
Page-1,f_vb0bReNq_PyX6GKsqe-28,f_vb0bReNq_PyX6GKsqe-21,加速度情報,未決,確定の明示なし,diagram[1]/root/*[141] (id=f_vb0bReNq_PyX6GKsqe-28),"{""id"": ""f_vb0bReNq_PyX6GKsqe-28"", ""parent"": ""f_vb0bReNq_PyX6GKsqe-21"", ""style"": ""swimlane;whiteSpace=wrap;html=1;"", ""value"": ""加速度情報"", ""vertex"": ""1""}","<mxGeometry height=""200"" width=""200"" x=""20"" y=""190"" as=""geometry"" />
        "
Page-1,f_vb0bReNq_PyX6GKsqe-23,1,Hokuyo LiDAR UXT-30LX,未決,確定の明示なし,diagram[1]/root/*[143] (id=f_vb0bReNq_PyX6GKsqe-23),"{""id"": ""f_vb0bReNq_PyX6GKsqe-23"", ""parent"": ""1"", ""style"": ""swimlane;whiteSpace=wrap;html=1;"", ""value"": ""Hokuyo LiDAR UXT-30LX"", ""vertex"": ""1""}","<mxGeometry height=""310"" width=""915"" x=""1275"" y=""750"" as=""geometry"" />
        "
Page-1,f_vb0bReNq_PyX6GKsqe-34,f_vb0bReNq_PyX6GKsqe-23,点群,未決,確定の明示なし,diagram[1]/root/*[144] (id=f_vb0bReNq_PyX6GKsqe-34),"{""id"": ""f_vb0bReNq_PyX6GKsqe-34"", ""parent"": ""f_vb0bReNq_PyX6GKsqe-23"", ""style"": ""swimlane;whiteSpace=wrap;html=1;"", ""value"": ""点群"", ""vertex"": ""1""}","<mxGeometry height=""130"" width=""170"" x=""35"" y=""70"" as=""geometry"" />
        "
Page-1,f_vb0bReNq_PyX6GKsqe-32,f_vb0bReNq_PyX6GKsqe-23,Time_stp,未決,確定の明示なし,diagram[1]/root/*[145] (id=f_vb0bReNq_PyX6GKsqe-32),"{""id"": ""f_vb0bReNq_PyX6GKsqe-32"", ""parent"": ""f_vb0bReNq_PyX6GKsqe-23"", ""style"": ""swimlane;whiteSpace=wrap;html=1;"", ""value"": ""Time_stp"", ""vertex"": ""1""}","<mxGeometry height=""100"" width=""170"" x=""235"" y=""80"" as=""geometry"" />
        "
Page-1,f_vb0bReNq_PyX6GKsqe-36,1,gouda_emc270_driver,未決,確定の明示なし,diagram[1]/root/*[146] (id=f_vb0bReNq_PyX6GKsqe-36),"{""id"": ""f_vb0bReNq_PyX6GKsqe-36"", ""parent"": ""1"", ""style"": ""swimlane;whiteSpace=wrap;html=1;"", ""value"": ""gouda_emc270_driver"", ""vertex"": ""1""}","<mxGeometry height=""720"" width=""660"" x=""130"" y=""970"" as=""geometry"" />
        "
Page-1,x5bDQh8FaZrcMh8EckeY-2,f_vb0bReNq_PyX6GKsqe-36,esp32,未決,確定の明示なし,diagram[1]/root/*[148] (id=x5bDQh8FaZrcMh8EckeY-2),"{""id"": ""x5bDQh8FaZrcMh8EckeY-2"", ""parent"": ""f_vb0bReNq_PyX6GKsqe-36"", ""style"": ""swimlane;whiteSpace=wrap;html=1;"", ""value"": ""esp32"", ""vertex"": ""1""}","<mxGeometry height=""200"" width=""200"" x=""195"" y=""80"" as=""geometry"" />
        "
Page-1,x5bDQh8FaZrcMh8EckeY-3,f_vb0bReNq_PyX6GKsqe-36,DAC,未決,確定の明示なし,diagram[1]/root/*[149] (id=x5bDQh8FaZrcMh8EckeY-3),"{""id"": ""x5bDQh8FaZrcMh8EckeY-3"", ""parent"": ""f_vb0bReNq_PyX6GKsqe-36"", ""style"": ""swimlane;whiteSpace=wrap;html=1;"", ""value"": ""DAC"", ""vertex"": ""1""}","<mxGeometry height=""200"" width=""200"" x=""195"" y=""400"" as=""geometry"" />
        "
Page-1,x5bDQh8FaZrcMh8EckeY-5,1,EMC-270,未決,確定の明示なし,diagram[1]/root/*[150] (id=x5bDQh8FaZrcMh8EckeY-5),"{""id"": ""x5bDQh8FaZrcMh8EckeY-5"", ""parent"": ""1"", ""style"": ""swimlane;whiteSpace=wrap;html=1;"", ""value"": ""EMC-270"", ""vertex"": ""1""}","<mxGeometry height=""200"" width=""200"" x=""325"" y=""1760"" as=""geometry"" />
        "
Page-1,x5bDQh8FaZrcMh8EckeY-9,1,bluetooth_gamepad,未決,確定の明示なし,diagram[1]/root/*[153] (id=x5bDQh8FaZrcMh8EckeY-9),"{""id"": ""x5bDQh8FaZrcMh8EckeY-9"", ""parent"": ""1"", ""style"": ""swimlane;whiteSpace=wrap;html=1;"", ""value"": ""bluetooth_gamepad"", ""vertex"": ""1""}","<mxGeometry height=""90"" width=""170"" x=""870"" y=""1095"" as=""geometry"" />
        "
Page-1,x5bDQh8FaZrcMh8EckeY-93,x5bDQh8FaZrcMh8EckeY-9,手動操作入力,未決,確定の明示なし,diagram[1]/root/*[154] (id=x5bDQh8FaZrcMh8EckeY-93),"{""id"": ""x5bDQh8FaZrcMh8EckeY-93"", ""parent"": ""x5bDQh8FaZrcMh8EckeY-9"", ""style"": ""text;html=1;whiteSpace=wrap;strokeColor=none;fillColor=none;align=center;verticalAlign=middle;rounded=0;"", ""value"": ""手動操作入力"", ""vertex"": ""1""}","<mxGeometry height=""30"" width=""60"" x=""50"" y=""40"" as=""geometry"" />
        "
Page-1,x5bDQh8FaZrcMh8EckeY-165,x5bDQh8FaZrcMh8EckeY-164,非常押しボタン押下検知,未決,確定の明示なし,diagram[1]/root/*[158] (id=x5bDQh8FaZrcMh8EckeY-165),"{""id"": ""x5bDQh8FaZrcMh8EckeY-165"", ""connectable"": ""0"", ""parent"": ""x5bDQh8FaZrcMh8EckeY-164"", ""style"": ""edgeLabel;html=1;align=center;verticalAlign=middle;resizable=0;points=[];"", ""value"": ""非常押しボタン押下検知"", ""vertex"": ""1""}","<mxGeometry relative=""1"" x=""0.2514"" as=""geometry"">
            <mxPoint as=""offset"" />
          </mxGeometry>
        "
Page-1,x5bDQh8FaZrcMh8EckeY-22,1,Emergency_stop_button,未決,確定の明示なし,diagram[1]/root/*[159] (id=x5bDQh8FaZrcMh8EckeY-22),"{""id"": ""x5bDQh8FaZrcMh8EckeY-22"", ""parent"": ""1"", ""style"": ""swimlane;whiteSpace=wrap;html=1;"", ""value"": ""Emergency_stop_button"", ""vertex"": ""1""}","<mxGeometry height=""200"" width=""200"" x=""660"" y=""1760"" as=""geometry"" />
        "
Page-1,x5bDQh8FaZrcMh8EckeY-94,x5bDQh8FaZrcMh8EckeY-22,emc-270の強制シャットダウンボタン,未決,確定の明示なし,diagram[1]/root/*[160] (id=x5bDQh8FaZrcMh8EckeY-94),"{""id"": ""x5bDQh8FaZrcMh8EckeY-94"", ""parent"": ""x5bDQh8FaZrcMh8EckeY-22"", ""style"": ""text;html=1;whiteSpace=wrap;strokeColor=none;fillColor=none;align=center;verticalAlign=middle;rounded=0;"", ""value"": ""emc-270の強制シャットダウンボタン"", ""vertex"": ""1""}","<mxGeometry height=""30"" width=""125"" x=""37.5"" y=""90"" as=""geometry"" />
        "
Page-1,x5bDQh8FaZrcMh8EckeY-162,x5bDQh8FaZrcMh8EckeY-40,heartbeat_and_status,未決,確定の明示なし,diagram[1]/root/*[162] (id=x5bDQh8FaZrcMh8EckeY-162),"{""id"": ""x5bDQh8FaZrcMh8EckeY-162"", ""connectable"": ""0"", ""parent"": ""x5bDQh8FaZrcMh8EckeY-40"", ""style"": ""edgeLabel;html=1;align=center;verticalAlign=middle;resizable=0;points=[];"", ""value"": ""heartbeat_and_status"", ""vertex"": ""1""}","<mxGeometry relative=""1"" x=""0.0308"" y=""-2"" as=""geometry"">
            <mxPoint as=""offset"" />
          </mxGeometry>
        "
Page-1,x5bDQh8FaZrcMh8EckeY-126,1,camera1,未決,確定の明示なし,diagram[1]/root/*[164] (id=x5bDQh8FaZrcMh8EckeY-126),"{""id"": ""x5bDQh8FaZrcMh8EckeY-126"", ""parent"": ""1"", ""style"": ""swimlane;whiteSpace=wrap;html=1;"", ""value"": ""camera1"", ""vertex"": ""1""}","<mxGeometry height=""150"" width=""210"" x=""-730"" y=""1020"" as=""geometry"" />
        "
Page-1,4S4QAY9o3vVNfXHAsMHo-27,x5bDQh8FaZrcMh8EckeY-126,ドライバは省略,未決,確定の明示なし,diagram[1]/root/*[165] (id=4S4QAY9o3vVNfXHAsMHo-27),"{""id"": ""4S4QAY9o3vVNfXHAsMHo-27"", ""parent"": ""x5bDQh8FaZrcMh8EckeY-126"", ""style"": ""text;html=1;whiteSpace=wrap;strokeColor=none;fillColor=none;align=center;verticalAlign=middle;rounded=0;"", ""value"": ""ドライバは省略"", ""vertex"": ""1""}","<mxGeometry height=""30"" width=""60"" x=""79"" y=""65"" as=""geometry"" />
        "
Page-1,x5bDQh8FaZrcMh8EckeY-132,1,camera2,未決,確定の明示なし,diagram[1]/root/*[168] (id=x5bDQh8FaZrcMh8EckeY-132),"{""id"": ""x5bDQh8FaZrcMh8EckeY-132"", ""parent"": ""1"", ""style"": ""swimlane;whiteSpace=wrap;html=1;"", ""value"": ""camera2"", ""vertex"": ""1""}","<mxGeometry height=""200"" width=""200"" x=""-430"" y=""1000"" as=""geometry"" />
        "
Page-1,4S4QAY9o3vVNfXHAsMHo-28,x5bDQh8FaZrcMh8EckeY-132,ドライバは省略,未決,確定の明示なし,diagram[1]/root/*[169] (id=4S4QAY9o3vVNfXHAsMHo-28),"{""id"": ""4S4QAY9o3vVNfXHAsMHo-28"", ""parent"": ""x5bDQh8FaZrcMh8EckeY-132"", ""style"": ""text;html=1;whiteSpace=wrap;strokeColor=none;fillColor=none;align=center;verticalAlign=middle;rounded=0;"", ""value"": ""ドライバは省略"", ""vertex"": ""1""}","<mxGeometry height=""30"" width=""60"" x=""76"" y=""85"" as=""geometry"" />
        "
Page-1,2TSgiu6-nVzXwyzMdGmE-7,1,Navigation,未決,確定の明示なし,diagram[1]/root/*[170] (id=2TSgiu6-nVzXwyzMdGmE-7),"{""id"": ""2TSgiu6-nVzXwyzMdGmE-7"", ""parent"": ""1"", ""style"": ""swimlane;whiteSpace=wrap;html=1;"", ""value"": ""Navigation"", ""vertex"": ""1""}","<mxGeometry height=""815"" width=""1670"" x=""1430"" y=""1095"" as=""geometry"" />
        "
Page-1,2TSgiu6-nVzXwyzMdGmE-19,2TSgiu6-nVzXwyzMdGmE-18,cmd_vel,未決,確定の明示なし,diagram[1]/root/*[172] (id=2TSgiu6-nVzXwyzMdGmE-19),"{""id"": ""2TSgiu6-nVzXwyzMdGmE-19"", ""connectable"": ""0"", ""parent"": ""2TSgiu6-nVzXwyzMdGmE-18"", ""style"": ""edgeLabel;html=1;align=center;verticalAlign=middle;resizable=0;points=[];"", ""value"": ""cmd_vel"", ""vertex"": ""1""}","<mxGeometry relative=""1"" x=""0.2952"" y=""-2"" as=""geometry"">
            <mxPoint x=""-1"" as=""offset"" />
          </mxGeometry>
        "
Page-1,2TSgiu6-nVzXwyzMdGmE-8,2TSgiu6-nVzXwyzMdGmE-7,controller,未決,確定の明示なし,diagram[1]/root/*[174] (id=2TSgiu6-nVzXwyzMdGmE-8),"{""id"": ""2TSgiu6-nVzXwyzMdGmE-8"", ""parent"": ""2TSgiu6-nVzXwyzMdGmE-7"", ""style"": ""swimlane;whiteSpace=wrap;html=1;"", ""value"": ""controller"", ""vertex"": ""1""}","<mxGeometry height=""200"" width=""200"" x=""450"" y=""555"" as=""geometry"" />
        "
Page-1,2TSgiu6-nVzXwyzMdGmE-9,2TSgiu6-nVzXwyzMdGmE-7,planner,未決,確定の明示なし,diagram[1]/root/*[176] (id=2TSgiu6-nVzXwyzMdGmE-9),"{""id"": ""2TSgiu6-nVzXwyzMdGmE-9"", ""parent"": ""2TSgiu6-nVzXwyzMdGmE-7"", ""style"": ""swimlane;whiteSpace=wrap;html=1;"", ""value"": ""planner"", ""vertex"": ""1""}","<mxGeometry height=""200"" width=""200"" x=""80"" y=""535"" as=""geometry"" />
        "
Page-1,2TSgiu6-nVzXwyzMdGmE-13,2TSgiu6-nVzXwyzMdGmE-9,Global costmap,未決,確定の明示なし,diagram[1]/root/*[177] (id=2TSgiu6-nVzXwyzMdGmE-13),"{""id"": ""2TSgiu6-nVzXwyzMdGmE-13"", ""parent"": ""2TSgiu6-nVzXwyzMdGmE-9"", ""style"": ""text;html=1;whiteSpace=wrap;strokeColor=none;fillColor=none;align=center;verticalAlign=middle;rounded=0;"", ""value"": ""Global costmap"", ""vertex"": ""1""}","<mxGeometry height=""30"" width=""60"" x=""70"" y=""85"" as=""geometry"" />
        "
Page-1,2TSgiu6-nVzXwyzMdGmE-10,2TSgiu6-nVzXwyzMdGmE-7,recovery,未決,確定の明示なし,diagram[1]/root/*[178] (id=2TSgiu6-nVzXwyzMdGmE-10),"{""id"": ""2TSgiu6-nVzXwyzMdGmE-10"", ""parent"": ""2TSgiu6-nVzXwyzMdGmE-7"", ""style"": ""swimlane;whiteSpace=wrap;html=1;"", ""value"": ""recovery"", ""vertex"": ""1""}","<mxGeometry height=""200"" width=""200"" x=""900"" y=""545"" as=""geometry"" />
        "
Page-1,2TSgiu6-nVzXwyzMdGmE-23,2TSgiu6-nVzXwyzMdGmE-10,costmap sub<br>footrint sub,未決,確定の明示なし,diagram[1]/root/*[179] (id=2TSgiu6-nVzXwyzMdGmE-23),"{""id"": ""2TSgiu6-nVzXwyzMdGmE-23"", ""parent"": ""2TSgiu6-nVzXwyzMdGmE-10"", ""style"": ""text;html=1;whiteSpace=wrap;strokeColor=none;fillColor=none;align=center;verticalAlign=middle;rounded=0;"", ""value"": ""costmap sub<br>footrint sub"", ""vertex"": ""1""}","<mxGeometry height=""30"" width=""120"" x=""40"" y=""90"" as=""geometry"" />
        "
Page-1,2TSgiu6-nVzXwyzMdGmE-12,2TSgiu6-nVzXwyzMdGmE-7,bt_navigator,未決,確定の明示なし,diagram[1]/root/*[182] (id=2TSgiu6-nVzXwyzMdGmE-12),"{""id"": ""2TSgiu6-nVzXwyzMdGmE-12"", ""parent"": ""2TSgiu6-nVzXwyzMdGmE-7"", ""style"": ""swimlane;whiteSpace=wrap;html=1;startSize=23;"", ""value"": ""bt_navigator"", ""vertex"": ""1""}","<mxGeometry height=""200"" width=""200"" x=""480"" y=""265"" as=""geometry"" />
        "
Page-1,2TSgiu6-nVzXwyzMdGmE-14,2TSgiu6-nVzXwyzMdGmE-7,Local costmap,未決,確定の明示なし,diagram[1]/root/*[184] (id=2TSgiu6-nVzXwyzMdGmE-14),"{""id"": ""2TSgiu6-nVzXwyzMdGmE-14"", ""parent"": ""2TSgiu6-nVzXwyzMdGmE-7"", ""style"": ""text;html=1;whiteSpace=wrap;strokeColor=none;fillColor=none;align=center;verticalAlign=middle;rounded=0;"", ""value"": ""Local costmap"", ""vertex"": ""1""}","<mxGeometry height=""30"" width=""60"" x=""520"" y=""770"" as=""geometry"" />
        "
Page-1,2TSgiu6-nVzXwyzMdGmE-24,2TSgiu6-nVzXwyzMdGmE-7,gouda_progress_tracker,未決,確定の明示なし,diagram[1]/root/*[185] (id=2TSgiu6-nVzXwyzMdGmE-24),"{""id"": ""2TSgiu6-nVzXwyzMdGmE-24"", ""parent"": ""2TSgiu6-nVzXwyzMdGmE-7"", ""style"": ""swimlane;whiteSpace=wrap;html=1;"", ""value"": ""gouda_progress_tracker"", ""vertex"": ""1""}","<mxGeometry height=""200"" width=""200"" x=""1200"" y=""560"" as=""geometry"" />
        "
Page-1,2TSgiu6-nVzXwyzMdGmE-25,2TSgiu6-nVzXwyzMdGmE-7,gouda_section_executor,未決,確定の明示なし,diagram[1]/root/*[187] (id=2TSgiu6-nVzXwyzMdGmE-25),"{""id"": ""2TSgiu6-nVzXwyzMdGmE-25"", ""parent"": ""2TSgiu6-nVzXwyzMdGmE-7"", ""style"": ""swimlane;whiteSpace=wrap;html=1;"", ""value"": ""gouda_section_executor"", ""vertex"": ""1""}","<mxGeometry height=""165"" width=""600"" x=""290"" y=""45"" as=""geometry"" />
        "
