page,id,source,target,parent,value_raw,label_ids,status,status_basis,location,attributes,geometry_xml
Page-1,x5bDQh8FaZrcMh8EckeY-96,f_vb0bReNq_PyX6GKsqe-38,x5bDQh8FaZrcMh8EckeY-27,f_vb0bReNq_PyX6GKsqe-8,,[],未決,確定の明示なし,diagram[1]/root/*[7] (id=x5bDQh8FaZrcMh8EckeY-96),"{""id"": ""x5bDQh8FaZrcMh8EckeY-96"", ""edge"": ""1"", ""parent"": ""f_vb0bReNq_PyX6GKsqe-8"", ""source"": ""f_vb0bReNq_PyX6GKsqe-38"", ""style"": ""edgeStyle=orthogonalEdgeStyle;rounded=0;orthogonalLoop=1;jettySize=auto;html=1;entryX=1;entryY=0;entryDx=0;entryDy=0;"", ""target"": ""x5bDQh8FaZrcMh8EckeY-27""}","<mxGeometry relative=""1"" as=""geometry"">
            <Array as=""points"">
              <mxPoint x=""1670"" y=""355"" />
              <mxPoint x=""1380"" y=""355"" />
              <mxPoint x=""1380"" y=""165"" />
            </Array>
          </mxGeometry>
        "
Page-1,x5bDQh8FaZrcMh8EckeY-39,f_vb0bReNq_PyX6GKsqe-43,x5bDQh8FaZrcMh8EckeY-33,f_vb0bReNq_PyX6GKsqe-8,,[],未決,確定の明示なし,diagram[1]/root/*[8] (id=x5bDQh8FaZrcMh8EckeY-39),"{""id"": ""x5bDQh8FaZrcMh8EckeY-39"", ""edge"": ""1"", ""parent"": ""f_vb0bReNq_PyX6GKsqe-8"", ""source"": ""f_vb0bReNq_PyX6GKsqe-43"", ""style"": ""edgeStyle=orthogonalEdgeStyle;rounded=0;orthogonalLoop=1;jettySize=auto;html=1;entryX=0.75;entryY=1;entryDx=0;entryDy=0;"", ""target"": ""x5bDQh8FaZrcMh8EckeY-33""}","<mxGeometry relative=""1"" as=""geometry"" />
        "
Page-1,x5bDQh8FaZrcMh8EckeY-67,f_vb0bReNq_PyX6GKsqe-9,x5bDQh8FaZrcMh8EckeY-15,f_vb0bReNq_PyX6GKsqe-8,,[],未決,確定の明示なし,diagram[1]/root/*[9] (id=x5bDQh8FaZrcMh8EckeY-67),"{""id"": ""x5bDQh8FaZrcMh8EckeY-67"", ""edge"": ""1"", ""parent"": ""f_vb0bReNq_PyX6GKsqe-8"", ""source"": ""f_vb0bReNq_PyX6GKsqe-9"", ""style"": ""edgeStyle=orthogonalEdgeStyle;rounded=0;orthogonalLoop=1;jettySize=auto;html=1;entryX=0.75;entryY=1;entryDx=0;entryDy=0;startArrow=none;startFill=0;endArrow=classic;endFill=1;dashed=1;"", ""target"": ""x5bDQh8FaZrcMh8EckeY-15""}","<mxGeometry relative=""1"" as=""geometry"">
            <Array as=""points"">
              <mxPoint x=""1330"" y=""323.76"" />
              <mxPoint x=""1292.48"" y=""323.76"" />
            </Array>
          </mxGeometry>
        "
Page-1,x5bDQh8FaZrcMh8EckeY-89,f_vb0bReNq_PyX6GKsqe-9,x5bDQh8FaZrcMh8EckeY-83,f_vb0bReNq_PyX6GKsqe-8,,[],未決,確定の明示なし,diagram[1]/root/*[10] (id=x5bDQh8FaZrcMh8EckeY-89),"{""id"": ""x5bDQh8FaZrcMh8EckeY-89"", ""edge"": ""1"", ""parent"": ""f_vb0bReNq_PyX6GKsqe-8"", ""source"": ""f_vb0bReNq_PyX6GKsqe-9"", ""style"": ""edgeStyle=orthogonalEdgeStyle;rounded=0;orthogonalLoop=1;jettySize=auto;html=1;exitX=0;exitY=0;exitDx=0;exitDy=0;entryX=1;entryY=0.5;entryDx=0;entryDy=0;strokeColor=#009900;"", ""target"": ""x5bDQh8FaZrcMh8EckeY-83""}","<mxGeometry relative=""1"" as=""geometry"">
            <Array as=""points"">
              <mxPoint x=""1260"" y=""362.56"" />
              <mxPoint x=""1083"" y=""362.56"" />
            </Array>
          </mxGeometry>
        "
Page-1,2TSgiu6-nVzXwyzMdGmE-3,f_vb0bReNq_PyX6GKsqe-9,x5bDQh8FaZrcMh8EckeY-269,f_vb0bReNq_PyX6GKsqe-8,,[],未決,確定の明示なし,diagram[1]/root/*[11] (id=2TSgiu6-nVzXwyzMdGmE-3),"{""id"": ""2TSgiu6-nVzXwyzMdGmE-3"", ""edge"": ""1"", ""parent"": ""f_vb0bReNq_PyX6GKsqe-8"", ""source"": ""f_vb0bReNq_PyX6GKsqe-9"", ""style"": ""edgeStyle=orthogonalEdgeStyle;rounded=0;orthogonalLoop=1;jettySize=auto;html=1;exitX=0;exitY=0.75;exitDx=0;exitDy=0;entryX=1;entryY=0.25;entryDx=0;entryDy=0;"", ""target"": ""x5bDQh8FaZrcMh8EckeY-269""}","<mxGeometry relative=""1"" as=""geometry"">
            <Array as=""points"">
              <mxPoint x=""1140"" y=""532.47"" />
              <mxPoint x=""1140"" y=""782.47"" />
            </Array>
          </mxGeometry>
        "
Page-1,x5bDQh8FaZrcMh8EckeY-29,f_vb0bReNq_PyX6GKsqe-16,x5bDQh8FaZrcMh8EckeY-28,f_vb0bReNq_PyX6GKsqe-8,,[],未決,確定の明示なし,diagram[1]/root/*[15] (id=x5bDQh8FaZrcMh8EckeY-29),"{""id"": ""x5bDQh8FaZrcMh8EckeY-29"", ""edge"": ""1"", ""parent"": ""f_vb0bReNq_PyX6GKsqe-8"", ""source"": ""f_vb0bReNq_PyX6GKsqe-16"", ""style"": ""edgeStyle=orthogonalEdgeStyle;rounded=0;orthogonalLoop=1;jettySize=auto;html=1;entryX=0.5;entryY=0;entryDx=0;entryDy=0;"", ""target"": ""x5bDQh8FaZrcMh8EckeY-28""}","<mxGeometry relative=""1"" as=""geometry"" />
        "
Page-1,x5bDQh8FaZrcMh8EckeY-84,f_vb0bReNq_PyX6GKsqe-16,x5bDQh8FaZrcMh8EckeY-83,f_vb0bReNq_PyX6GKsqe-8,,[],未決,確定の明示なし,diagram[1]/root/*[16] (id=x5bDQh8FaZrcMh8EckeY-84),"{""id"": ""x5bDQh8FaZrcMh8EckeY-84"", ""edge"": ""1"", ""parent"": ""f_vb0bReNq_PyX6GKsqe-8"", ""source"": ""f_vb0bReNq_PyX6GKsqe-16"", ""style"": ""edgeStyle=orthogonalEdgeStyle;rounded=0;orthogonalLoop=1;jettySize=auto;html=1;entryX=0.5;entryY=1;entryDx=0;entryDy=0;strokeColor=#009900;"", ""target"": ""x5bDQh8FaZrcMh8EckeY-83""}","<mxGeometry relative=""1"" as=""geometry"">
            <Array as=""points"">
              <mxPoint x=""983"" y=""482"" />
            </Array>
            <mxPoint x=""1000"" y=""432"" as=""targetPoint"" />
          </mxGeometry>
        "
Page-1,x5bDQh8FaZrcMh8EckeY-146,f_vb0bReNq_PyX6GKsqe-16,x5bDQh8FaZrcMh8EckeY-11,f_vb0bReNq_PyX6GKsqe-8,heartbeat,[],未決,確定の明示なし,diagram[1]/root/*[17] (id=x5bDQh8FaZrcMh8EckeY-146),"{""id"": ""x5bDQh8FaZrcMh8EckeY-146"", ""edge"": ""1"", ""parent"": ""f_vb0bReNq_PyX6GKsqe-8"", ""source"": ""f_vb0bReNq_PyX6GKsqe-16"", ""style"": ""edgeStyle=orthogonalEdgeStyle;rounded=0;orthogonalLoop=1;jettySize=auto;html=1;exitX=0;exitY=1;exitDx=0;exitDy=0;entryX=1;entryY=0.25;entryDx=0;entryDy=0;strokeColor=#EA6B66;"", ""target"": ""x5bDQh8FaZrcMh8EckeY-11"", ""value"": ""heartbeat""}","<mxGeometry relative=""1"" x=""0.4193"" as=""geometry"">
            <mxPoint as=""offset"" />
          </mxGeometry>
        "
Page-1,x5bDQh8FaZrcMh8EckeY-71,f_vb0bReNq_PyX6GKsqe-37,f_vb0bReNq_PyX6GKsqe-9,f_vb0bReNq_PyX6GKsqe-8,,[],未決,確定の明示なし,diagram[1]/root/*[20] (id=x5bDQh8FaZrcMh8EckeY-71),"{""id"": ""x5bDQh8FaZrcMh8EckeY-71"", ""edge"": ""1"", ""parent"": ""f_vb0bReNq_PyX6GKsqe-8"", ""source"": ""f_vb0bReNq_PyX6GKsqe-37"", ""style"": ""edgeStyle=orthogonalEdgeStyle;rounded=0;orthogonalLoop=1;jettySize=auto;html=1;exitX=0;exitY=0.75;exitDx=0;exitDy=0;entryX=1;entryY=0.25;entryDx=0;entryDy=0;"", ""target"": ""f_vb0bReNq_PyX6GKsqe-9""}","<mxGeometry relative=""1"" as=""geometry"">
            <Array as=""points"">
              <mxPoint x=""1570"" y=""432.54"" />
            </Array>
            <mxPoint x=""1330"" y=""445"" as=""targetPoint"" />
          </mxGeometry>
        "
Page-1,4S4QAY9o3vVNfXHAsMHo-3,f_vb0bReNq_PyX6GKsqe-37,4S4QAY9o3vVNfXHAsMHo-1,f_vb0bReNq_PyX6GKsqe-8,,[],未決,確定の明示なし,diagram[1]/root/*[21] (id=4S4QAY9o3vVNfXHAsMHo-3),"{""id"": ""4S4QAY9o3vVNfXHAsMHo-3"", ""edge"": ""1"", ""parent"": ""f_vb0bReNq_PyX6GKsqe-8"", ""source"": ""f_vb0bReNq_PyX6GKsqe-37"", ""style"": ""edgeStyle=orthogonalEdgeStyle;rounded=0;orthogonalLoop=1;jettySize=auto;html=1;exitX=0;exitY=1;exitDx=0;exitDy=0;entryX=1;entryY=0.5;entryDx=0;entryDy=0;"", ""target"": ""4S4QAY9o3vVNfXHAsMHo-1""}","<mxGeometry relative=""1"" as=""geometry"">
            <Array as=""points"">
              <mxPoint x=""1530.06"" y=""350"" />
              <mxPoint x=""1530.06"" y=""642.47"" />
            </Array>
          </mxGeometry>
        "
Page-1,4S4QAY9o3vVNfXHAsMHo-23,f_vb0bReNq_PyX6GKsqe-37,x5bDQh8FaZrcMh8EckeY-33,f_vb0bReNq_PyX6GKsqe-8,,[],未決,確定の明示なし,diagram[1]/root/*[22] (id=4S4QAY9o3vVNfXHAsMHo-23),"{""id"": ""4S4QAY9o3vVNfXHAsMHo-23"", ""edge"": ""1"", ""parent"": ""f_vb0bReNq_PyX6GKsqe-8"", ""source"": ""f_vb0bReNq_PyX6GKsqe-37"", ""style"": ""edgeStyle=orthogonalEdgeStyle;rounded=0;orthogonalLoop=1;jettySize=auto;html=1;entryX=0.75;entryY=0;entryDx=0;entryDy=0;"", ""target"": ""x5bDQh8FaZrcMh8EckeY-33""}","<mxGeometry relative=""1"" as=""geometry"">
            <Array as=""points"">
              <mxPoint x=""1510"" y=""235"" />
              <mxPoint x=""1510"" y=""700"" />
            </Array>
          </mxGeometry>
        "
Page-1,x5bDQh8FaZrcMh8EckeY-112,f_vb0bReNq_PyX6GKsqe-39,x5bDQh8FaZrcMh8EckeY-83,f_vb0bReNq_PyX6GKsqe-8,,[],未決,確定の明示なし,diagram[1]/root/*[26] (id=x5bDQh8FaZrcMh8EckeY-112),"{""id"": ""x5bDQh8FaZrcMh8EckeY-112"", ""edge"": ""1"", ""parent"": ""f_vb0bReNq_PyX6GKsqe-8"", ""source"": ""f_vb0bReNq_PyX6GKsqe-39"", ""style"": ""edgeStyle=orthogonalEdgeStyle;rounded=0;orthogonalLoop=1;jettySize=auto;html=1;exitX=1;exitY=0.25;exitDx=0;exitDy=0;entryX=0.75;entryY=1;entryDx=0;entryDy=0;strokeColor=#009900;"", ""target"": ""x5bDQh8FaZrcMh8EckeY-83""}","<mxGeometry relative=""1"" as=""geometry"">
            <Array as=""points"">
              <mxPoint x=""893"" y=""762"" />
              <mxPoint x=""1033"" y=""762"" />
            </Array>
          </mxGeometry>
        "
Page-1,x5bDQh8FaZrcMh8EckeY-142,f_vb0bReNq_PyX6GKsqe-39,x5bDQh8FaZrcMh8EckeY-11,f_vb0bReNq_PyX6GKsqe-8,,"[""x5bDQh8FaZrcMh8EckeY-160""]",未決,確定の明示なし,diagram[1]/root/*[27] (id=x5bDQh8FaZrcMh8EckeY-142),"{""id"": ""x5bDQh8FaZrcMh8EckeY-142"", ""edge"": ""1"", ""parent"": ""f_vb0bReNq_PyX6GKsqe-8"", ""source"": ""f_vb0bReNq_PyX6GKsqe-39"", ""style"": ""edgeStyle=orthogonalEdgeStyle;rounded=0;orthogonalLoop=1;jettySize=auto;html=1;exitX=0;exitY=0;exitDx=0;exitDy=0;entryX=0.75;entryY=1;entryDx=0;entryDy=0;strokeColor=#EA6B66;"", ""target"": ""x5bDQh8FaZrcMh8EckeY-11""}","<mxGeometry relative=""1"" as=""geometry"">
            <Array as=""points"">
              <mxPoint x=""683"" y=""772"" />
              <mxPoint x=""565"" y=""772"" />
            </Array>
          </mxGeometry>
        "
Page-1,4S4QAY9o3vVNfXHAsMHo-22,f_vb0bReNq_PyX6GKsqe-39,x5bDQh8FaZrcMh8EckeY-269,f_vb0bReNq_PyX6GKsqe-8,,[],未決,確定の明示なし,diagram[1]/root/*[29] (id=4S4QAY9o3vVNfXHAsMHo-22),"{""id"": ""4S4QAY9o3vVNfXHAsMHo-22"", ""edge"": ""1"", ""parent"": ""f_vb0bReNq_PyX6GKsqe-8"", ""source"": ""f_vb0bReNq_PyX6GKsqe-39"", ""style"": ""edgeStyle=orthogonalEdgeStyle;rounded=0;orthogonalLoop=1;jettySize=auto;html=1;exitX=0;exitY=0.75;exitDx=0;exitDy=0;entryX=1;entryY=0.75;entryDx=0;entryDy=0;"", ""target"": ""x5bDQh8FaZrcMh8EckeY-269""}","<mxGeometry relative=""1"" as=""geometry"" />
        "
Page-1,x5bDQh8FaZrcMh8EckeY-70,f_vb0bReNq_PyX6GKsqe-38,f_vb0bReNq_PyX6GKsqe-9,f_vb0bReNq_PyX6GKsqe-8,,[],未決,確定の明示なし,diagram[1]/root/*[32] (id=x5bDQh8FaZrcMh8EckeY-70),"{""id"": ""x5bDQh8FaZrcMh8EckeY-70"", ""edge"": ""1"", ""parent"": ""f_vb0bReNq_PyX6GKsqe-8"", ""source"": ""f_vb0bReNq_PyX6GKsqe-38"", ""style"": ""edgeStyle=orthogonalEdgeStyle;rounded=0;orthogonalLoop=1;jettySize=auto;html=1;entryX=1;entryY=0.5;entryDx=0;entryDy=0;"", ""target"": ""f_vb0bReNq_PyX6GKsqe-9""}","<mxGeometry relative=""1"" as=""geometry"">
            <mxPoint x=""1330"" y=""475"" as=""targetPoint"" />
          </mxGeometry>
        "
Page-1,4S4QAY9o3vVNfXHAsMHo-4,f_vb0bReNq_PyX6GKsqe-38,4S4QAY9o3vVNfXHAsMHo-1,f_vb0bReNq_PyX6GKsqe-8,,[],未決,確定の明示なし,diagram[1]/root/*[33] (id=4S4QAY9o3vVNfXHAsMHo-4),"{""id"": ""4S4QAY9o3vVNfXHAsMHo-4"", ""edge"": ""1"", ""parent"": ""f_vb0bReNq_PyX6GKsqe-8"", ""source"": ""f_vb0bReNq_PyX6GKsqe-38"", ""style"": ""edgeStyle=orthogonalEdgeStyle;rounded=0;orthogonalLoop=1;jettySize=auto;html=1;entryX=1;entryY=0.25;entryDx=0;entryDy=0;exitX=0;exitY=0.75;exitDx=0;exitDy=0;"", ""target"": ""4S4QAY9o3vVNfXHAsMHo-1""}","<mxGeometry relative=""1"" as=""geometry"">
            <Array as=""points"">
              <mxPoint x=""1570"" y=""617.52"" />
            </Array>
            <mxPoint x=""1570.06"" y=""617.5"" as=""sourcePoint"" />
          </mxGeometry>
        "
Page-1,x5bDQh8FaZrcMh8EckeY-69,f_vb0bReNq_PyX6GKsqe-14,f_vb0bReNq_PyX6GKsqe-16,f_vb0bReNq_PyX6GKsqe-8,,[],未決,確定の明示なし,diagram[1]/root/*[36] (id=x5bDQh8FaZrcMh8EckeY-69),"{""id"": ""x5bDQh8FaZrcMh8EckeY-69"", ""edge"": ""1"", ""parent"": ""f_vb0bReNq_PyX6GKsqe-8"", ""source"": ""f_vb0bReNq_PyX6GKsqe-14"", ""style"": ""edgeStyle=orthogonalEdgeStyle;rounded=0;orthogonalLoop=1;jettySize=auto;html=1;exitX=1;exitY=0.75;exitDx=0;exitDy=0;"", ""target"": ""f_vb0bReNq_PyX6GKsqe-16""}","<mxGeometry relative=""1"" as=""geometry"">
            <Array as=""points"">
              <mxPoint x=""800.06"" y=""390"" />
              <mxPoint x=""826.53"" y=""390"" />
            </Array>
          </mxGeometry>
        "
Page-1,x5bDQh8FaZrcMh8EckeY-88,f_vb0bReNq_PyX6GKsqe-14,x5bDQh8FaZrcMh8EckeY-83,f_vb0bReNq_PyX6GKsqe-8,,[],未決,確定の明示なし,diagram[1]/root/*[37] (id=x5bDQh8FaZrcMh8EckeY-88),"{""id"": ""x5bDQh8FaZrcMh8EckeY-88"", ""edge"": ""1"", ""parent"": ""f_vb0bReNq_PyX6GKsqe-8"", ""source"": ""f_vb0bReNq_PyX6GKsqe-14"", ""style"": ""edgeStyle=orthogonalEdgeStyle;rounded=0;orthogonalLoop=1;jettySize=auto;html=1;entryX=0;entryY=0.25;entryDx=0;entryDy=0;strokeColor=#009900;"", ""target"": ""x5bDQh8FaZrcMh8EckeY-83""}","<mxGeometry relative=""1"" as=""geometry"" />
        "
Page-1,x5bDQh8FaZrcMh8EckeY-42,x5bDQh8FaZrcMh8EckeY-11,x5bDQh8FaZrcMh8EckeY-28,f_vb0bReNq_PyX6GKsqe-8,,[],未決,確定の明示なし,diagram[1]/root/*[40] (id=x5bDQh8FaZrcMh8EckeY-42),"{""id"": ""x5bDQh8FaZrcMh8EckeY-42"", ""edge"": ""1"", ""parent"": ""f_vb0bReNq_PyX6GKsqe-8"", ""source"": ""x5bDQh8FaZrcMh8EckeY-11"", ""style"": ""edgeStyle=orthogonalEdgeStyle;rounded=0;orthogonalLoop=1;jettySize=auto;html=1;exitX=1;exitY=0.5;exitDx=0;exitDy=0;entryX=0;entryY=0.75;entryDx=0;entryDy=0;"", ""target"": ""x5bDQh8FaZrcMh8EckeY-28""}","<mxGeometry relative=""1"" as=""geometry"" />
        "
Page-1,x5bDQh8FaZrcMh8EckeY-144,x5bDQh8FaZrcMh8EckeY-11,x5bDQh8FaZrcMh8EckeY-83,f_vb0bReNq_PyX6GKsqe-8,,[],未決,確定の明示なし,diagram[1]/root/*[41] (id=x5bDQh8FaZrcMh8EckeY-144),"{""id"": ""x5bDQh8FaZrcMh8EckeY-144"", ""edge"": ""1"", ""parent"": ""f_vb0bReNq_PyX6GKsqe-8"", ""source"": ""x5bDQh8FaZrcMh8EckeY-11"", ""style"": ""edgeStyle=orthogonalEdgeStyle;rounded=0;orthogonalLoop=1;jettySize=auto;html=1;exitX=1;exitY=0;exitDx=0;exitDy=0;entryX=0.75;entryY=1;entryDx=0;entryDy=0;strokeColor=#009900;"", ""target"": ""x5bDQh8FaZrcMh8EckeY-83""}","<mxGeometry relative=""1"" as=""geometry"">
            <Array as=""points"">
              <mxPoint x=""615"" y=""592"" />
              <mxPoint x=""1033"" y=""592"" />
            </Array>
          </mxGeometry>
        "
Page-1,x5bDQh8FaZrcMh8EckeY-66,x5bDQh8FaZrcMh8EckeY-15,x5bDQh8FaZrcMh8EckeY-55,f_vb0bReNq_PyX6GKsqe-8,,[],未決,確定の明示なし,diagram[1]/root/*[44] (id=x5bDQh8FaZrcMh8EckeY-66),"{""id"": ""x5bDQh8FaZrcMh8EckeY-66"", ""edge"": ""1"", ""parent"": ""f_vb0bReNq_PyX6GKsqe-8"", ""source"": ""x5bDQh8FaZrcMh8EckeY-15"", ""style"": ""edgeStyle=orthogonalEdgeStyle;rounded=0;orthogonalLoop=1;jettySize=auto;html=1;entryX=1;entryY=0.5;entryDx=0;entryDy=0;dashed=1;"", ""target"": ""x5bDQh8FaZrcMh8EckeY-55""}","<mxGeometry relative=""1"" as=""geometry"" />
        "
Page-1,x5bDQh8FaZrcMh8EckeY-87,x5bDQh8FaZrcMh8EckeY-27,x5bDQh8FaZrcMh8EckeY-83,f_vb0bReNq_PyX6GKsqe-8,,[],未決,確定の明示なし,diagram[1]/root/*[47] (id=x5bDQh8FaZrcMh8EckeY-87),"{""id"": ""x5bDQh8FaZrcMh8EckeY-87"", ""edge"": ""1"", ""parent"": ""f_vb0bReNq_PyX6GKsqe-8"", ""source"": ""x5bDQh8FaZrcMh8EckeY-27"", ""style"": ""edgeStyle=orthogonalEdgeStyle;rounded=0;orthogonalLoop=1;jettySize=auto;html=1;exitX=1;exitY=0.75;exitDx=0;exitDy=0;entryX=0.25;entryY=0;entryDx=0;entryDy=0;strokeColor=#009900;"", ""target"": ""x5bDQh8FaZrcMh8EckeY-83""}","<mxGeometry relative=""1"" as=""geometry"">
            <Array as=""points"">
              <mxPoint x=""800.06"" y=""290"" />
              <mxPoint x=""933"" y=""290"" />
            </Array>
          </mxGeometry>
        "
Page-1,x5bDQh8FaZrcMh8EckeY-30,x5bDQh8FaZrcMh8EckeY-28,f_vb0bReNq_PyX6GKsqe-39,f_vb0bReNq_PyX6GKsqe-8,,[],未決,確定の明示なし,diagram[1]/root/*[50] (id=x5bDQh8FaZrcMh8EckeY-30),"{""id"": ""x5bDQh8FaZrcMh8EckeY-30"", ""edge"": ""1"", ""parent"": ""f_vb0bReNq_PyX6GKsqe-8"", ""source"": ""x5bDQh8FaZrcMh8EckeY-28"", ""style"": ""edgeStyle=orthogonalEdgeStyle;rounded=0;orthogonalLoop=1;jettySize=auto;html=1;entryX=0.5;entryY=0;entryDx=0;entryDy=0;"", ""target"": ""f_vb0bReNq_PyX6GKsqe-39""}","<mxGeometry relative=""1"" as=""geometry"" />
        "
Page-1,x5bDQh8FaZrcMh8EckeY-85,x5bDQh8FaZrcMh8EckeY-28,x5bDQh8FaZrcMh8EckeY-83,f_vb0bReNq_PyX6GKsqe-8,,[],未決,確定の明示なし,diagram[1]/root/*[51] (id=x5bDQh8FaZrcMh8EckeY-85),"{""id"": ""x5bDQh8FaZrcMh8EckeY-85"", ""edge"": ""1"", ""parent"": ""f_vb0bReNq_PyX6GKsqe-8"", ""source"": ""x5bDQh8FaZrcMh8EckeY-28"", ""style"": ""edgeStyle=orthogonalEdgeStyle;rounded=0;orthogonalLoop=1;jettySize=auto;html=1;exitX=1.006;exitY=0.144;exitDx=0;exitDy=0;entryX=0.75;entryY=1;entryDx=0;entryDy=0;strokeColor=#009900;exitPerimeter=0;"", ""target"": ""x5bDQh8FaZrcMh8EckeY-83""}","<mxGeometry relative=""1"" as=""geometry"">
            <Array as=""points"">
              <mxPoint x=""883"" y=""613"" />
              <mxPoint x=""883"" y=""610"" />
              <mxPoint x=""1033"" y=""610"" />
            </Array>
          </mxGeometry>
        "
Page-1,x5bDQh8FaZrcMh8EckeY-100,x5bDQh8FaZrcMh8EckeY-32,x5bDQh8FaZrcMh8EckeY-83,f_vb0bReNq_PyX6GKsqe-8,,[],未決,確定の明示なし,diagram[1]/root/*[54] (id=x5bDQh8FaZrcMh8EckeY-100),"{""id"": ""x5bDQh8FaZrcMh8EckeY-100"", ""edge"": ""1"", ""parent"": ""f_vb0bReNq_PyX6GKsqe-8"", ""source"": ""x5bDQh8FaZrcMh8EckeY-32"", ""style"": ""edgeStyle=orthogonalEdgeStyle;rounded=0;orthogonalLoop=1;jettySize=auto;html=1;exitX=1;exitY=0;exitDx=0;exitDy=0;entryX=1;entryY=1;entryDx=0;entryDy=0;strokeColor=#009900;"", ""target"": ""x5bDQh8FaZrcMh8EckeY-83""}","<mxGeometry relative=""1"" as=""geometry"">
            <Array as=""points"">
              <mxPoint x=""330.06"" y=""565"" />
              <mxPoint x=""1083"" y=""565"" />
            </Array>
          </mxGeometry>
        "
Page-1,x5bDQh8FaZrcMh8EckeY-114,x5bDQh8FaZrcMh8EckeY-32,x5bDQh8FaZrcMh8EckeY-113,f_vb0bReNq_PyX6GKsqe-8,,[],未決,確定の明示なし,diagram[1]/root/*[55] (id=x5bDQh8FaZrcMh8EckeY-114),"{""id"": ""x5bDQh8FaZrcMh8EckeY-114"", ""edge"": ""1"", ""parent"": ""f_vb0bReNq_PyX6GKsqe-8"", ""source"": ""x5bDQh8FaZrcMh8EckeY-32"", ""style"": ""edgeStyle=orthogonalEdgeStyle;rounded=0;orthogonalLoop=1;jettySize=auto;html=1;entryX=0.5;entryY=1;entryDx=0;entryDy=0;"", ""target"": ""x5bDQh8FaZrcMh8EckeY-113""}","<mxGeometry relative=""1"" as=""geometry"" />
        "
Page-1,x5bDQh8FaZrcMh8EckeY-138,x5bDQh8FaZrcMh8EckeY-32,x5bDQh8FaZrcMh8EckeY-11,f_vb0bReNq_PyX6GKsqe-8,,"[""x5bDQh8FaZrcMh8EckeY-157""]",未決,確定の明示なし,diagram[1]/root/*[56] (id=x5bDQh8FaZrcMh8EckeY-138),"{""id"": ""x5bDQh8FaZrcMh8EckeY-138"", ""edge"": ""1"", ""parent"": ""f_vb0bReNq_PyX6GKsqe-8"", ""source"": ""x5bDQh8FaZrcMh8EckeY-32"", ""style"": ""edgeStyle=orthogonalEdgeStyle;rounded=0;orthogonalLoop=1;jettySize=auto;html=1;exitX=1;exitY=0.5;exitDx=0;exitDy=0;entryX=0;entryY=0.75;entryDx=0;entryDy=0;strokeColor=#EA6B66;"", ""target"": ""x5bDQh8FaZrcMh8EckeY-11""}","<mxGeometry relative=""1"" as=""geometry"">
            <Array as=""points"">
              <mxPoint x=""330"" y=""682"" />
            </Array>
          </mxGeometry>
        "
Page-1,x5bDQh8FaZrcMh8EckeY-101,x5bDQh8FaZrcMh8EckeY-33,x5bDQh8FaZrcMh8EckeY-83,f_vb0bReNq_PyX6GKsqe-8,,[],未決,確定の明示なし,diagram[1]/root/*[60] (id=x5bDQh8FaZrcMh8EckeY-101),"{""id"": ""x5bDQh8FaZrcMh8EckeY-101"", ""edge"": ""1"", ""parent"": ""f_vb0bReNq_PyX6GKsqe-8"", ""source"": ""x5bDQh8FaZrcMh8EckeY-33"", ""style"": ""edgeStyle=orthogonalEdgeStyle;rounded=0;orthogonalLoop=1;jettySize=auto;html=1;exitX=0;exitY=0.25;exitDx=0;exitDy=0;entryX=1;entryY=1;entryDx=0;entryDy=0;strokeColor=#009900;"", ""target"": ""x5bDQh8FaZrcMh8EckeY-83""}","<mxGeometry relative=""1"" as=""geometry"">
            <mxPoint x=""1060"" y=""490"" as=""targetPoint"" />
          </mxGeometry>
        "
Page-1,x5bDQh8FaZrcMh8EckeY-104,x5bDQh8FaZrcMh8EckeY-33,f_vb0bReNq_PyX6GKsqe-14,f_vb0bReNq_PyX6GKsqe-8,,[],未決,確定の明示なし,diagram[1]/root/*[61] (id=x5bDQh8FaZrcMh8EckeY-104),"{""id"": ""x5bDQh8FaZrcMh8EckeY-104"", ""edge"": ""1"", ""parent"": ""f_vb0bReNq_PyX6GKsqe-8"", ""source"": ""x5bDQh8FaZrcMh8EckeY-33"", ""style"": ""edgeStyle=orthogonalEdgeStyle;rounded=0;orthogonalLoop=1;jettySize=auto;html=1;exitX=0;exitY=0.5;exitDx=0;exitDy=0;entryX=0.75;entryY=1;entryDx=0;entryDy=0;"", ""target"": ""f_vb0bReNq_PyX6GKsqe-14""}","<mxGeometry relative=""1"" as=""geometry"">
            <Array as=""points"">
              <mxPoint x=""1340"" y=""770"" />
              <mxPoint x=""1065"" y=""770"" />
              <mxPoint x=""1065"" y=""442"" />
              <mxPoint x=""760"" y=""442"" />
              <mxPoint x=""760"" y=""425"" />
            </Array>
            <mxPoint x=""1330"" y=""757"" as=""sourcePoint"" />
            <mxPoint x=""800"" y=""412"" as=""targetPoint"" />
          </mxGeometry>
        "
Page-1,x5bDQh8FaZrcMh8EckeY-111,x5bDQh8FaZrcMh8EckeY-38,x5bDQh8FaZrcMh8EckeY-83,f_vb0bReNq_PyX6GKsqe-8,,[],未決,確定の明示なし,diagram[1]/root/*[62] (id=x5bDQh8FaZrcMh8EckeY-111),"{""id"": ""x5bDQh8FaZrcMh8EckeY-111"", ""edge"": ""1"", ""parent"": ""f_vb0bReNq_PyX6GKsqe-8"", ""source"": ""x5bDQh8FaZrcMh8EckeY-38"", ""style"": ""edgeStyle=orthogonalEdgeStyle;rounded=0;orthogonalLoop=1;jettySize=auto;html=1;exitX=0;exitY=1;exitDx=0;exitDy=0;entryX=1;entryY=0.25;entryDx=0;entryDy=0;strokeColor=#009900;"", ""target"": ""x5bDQh8FaZrcMh8EckeY-83""}","<mxGeometry relative=""1"" as=""geometry"">
            <Array as=""points"">
              <mxPoint x=""1103"" y=""862.46"" />
              <mxPoint x=""1103"" y=""350"" />
            </Array>
          </mxGeometry>
        "
Page-1,x5bDQh8FaZrcMh8EckeY-156,x5bDQh8FaZrcMh8EckeY-38,x5bDQh8FaZrcMh8EckeY-12,f_vb0bReNq_PyX6GKsqe-8,,[],未決,確定の明示なし,diagram[1]/root/*[63] (id=x5bDQh8FaZrcMh8EckeY-156),"{""id"": ""x5bDQh8FaZrcMh8EckeY-156"", ""edge"": ""1"", ""parent"": ""f_vb0bReNq_PyX6GKsqe-8"", ""source"": ""x5bDQh8FaZrcMh8EckeY-38"", ""style"": ""edgeStyle=orthogonalEdgeStyle;rounded=0;orthogonalLoop=1;jettySize=auto;html=1;exitX=0.25;exitY=0;exitDx=0;exitDy=0;entryX=0;entryY=0.75;entryDx=0;entryDy=0;"", ""target"": ""x5bDQh8FaZrcMh8EckeY-12""}","<mxGeometry relative=""1"" as=""geometry"">
            <Array as=""points"">
              <mxPoint x=""20.08"" y=""727.54"" />
              <mxPoint x=""20.08"" y=""231.23"" />
            </Array>
          </mxGeometry>
        "
Page-1,x5bDQh8FaZrcMh8EckeY-65,x5bDQh8FaZrcMh8EckeY-55,x5bDQh8FaZrcMh8EckeY-27,f_vb0bReNq_PyX6GKsqe-8,,[],未決,確定の明示なし,diagram[1]/root/*[66] (id=x5bDQh8FaZrcMh8EckeY-65),"{""id"": ""x5bDQh8FaZrcMh8EckeY-65"", ""edge"": ""1"", ""parent"": ""f_vb0bReNq_PyX6GKsqe-8"", ""source"": ""x5bDQh8FaZrcMh8EckeY-55"", ""style"": ""edgeStyle=orthogonalEdgeStyle;rounded=0;orthogonalLoop=1;jettySize=auto;html=1;exitX=0;exitY=0.5;exitDx=0;exitDy=0;entryX=1;entryY=0.5;entryDx=0;entryDy=0;"", ""target"": ""x5bDQh8FaZrcMh8EckeY-27""}","<mxGeometry relative=""1"" as=""geometry"">
            <mxPoint x=""800"" y=""220"" as=""targetPoint"" />
          </mxGeometry>
        "
Page-1,x5bDQh8FaZrcMh8EckeY-86,x5bDQh8FaZrcMh8EckeY-55,x5bDQh8FaZrcMh8EckeY-83,f_vb0bReNq_PyX6GKsqe-8,,[],未決,確定の明示なし,diagram[1]/root/*[67] (id=x5bDQh8FaZrcMh8EckeY-86),"{""id"": ""x5bDQh8FaZrcMh8EckeY-86"", ""edge"": ""1"", ""parent"": ""f_vb0bReNq_PyX6GKsqe-8"", ""source"": ""x5bDQh8FaZrcMh8EckeY-55"", ""style"": ""edgeStyle=orthogonalEdgeStyle;rounded=0;orthogonalLoop=1;jettySize=auto;html=1;entryX=0.549;entryY=0.005;entryDx=0;entryDy=0;entryPerimeter=0;strokeColor=#009900;"", ""target"": ""x5bDQh8FaZrcMh8EckeY-83""}","<mxGeometry relative=""1"" as=""geometry"" />
        "
Page-1,x5bDQh8FaZrcMh8EckeY-268,x5bDQh8FaZrcMh8EckeY-55,x5bDQh8FaZrcMh8EckeY-166,f_vb0bReNq_PyX6GKsqe-8,,[],未決,確定の明示なし,diagram[1]/root/*[68] (id=x5bDQh8FaZrcMh8EckeY-268),"{""id"": ""x5bDQh8FaZrcMh8EckeY-268"", ""edge"": ""1"", ""parent"": ""f_vb0bReNq_PyX6GKsqe-8"", ""source"": ""x5bDQh8FaZrcMh8EckeY-55"", ""style"": ""edgeStyle=orthogonalEdgeStyle;rounded=0;orthogonalLoop=1;jettySize=auto;html=1;entryX=1;entryY=0.5;entryDx=0;entryDy=0;dashed=1;"", ""target"": ""x5bDQh8FaZrcMh8EckeY-166""}","<mxGeometry relative=""1"" as=""geometry"">
            <Array as=""points"">
              <mxPoint x=""995.07"" y=""140.07"" />
              <mxPoint x=""610"" y=""140.07"" />
              <mxPoint x=""610"" y=""200.07"" />
            </Array>
          </mxGeometry>
        "
Page-1,x5bDQh8FaZrcMh8EckeY-58,x5bDQh8FaZrcMh8EckeY-27,f_vb0bReNq_PyX6GKsqe-14,f_vb0bReNq_PyX6GKsqe-8,,"[""4S4QAY9o3vVNfXHAsMHo-26""]",未決,確定の明示なし,diagram[1]/root/*[71] (id=x5bDQh8FaZrcMh8EckeY-58),"{""id"": ""x5bDQh8FaZrcMh8EckeY-58"", ""edge"": ""1"", ""parent"": ""f_vb0bReNq_PyX6GKsqe-8"", ""source"": ""x5bDQh8FaZrcMh8EckeY-27"", ""style"": ""edgeStyle=orthogonalEdgeStyle;rounded=0;orthogonalLoop=1;jettySize=auto;html=1;exitX=0.25;exitY=1;exitDx=0;exitDy=0;entryX=0.686;entryY=0.017;entryDx=0;entryDy=0;entryPerimeter=0;"", ""target"": ""f_vb0bReNq_PyX6GKsqe-14""}","<mxGeometry relative=""1"" as=""geometry"" />
        "
Page-1,x5bDQh8FaZrcMh8EckeY-135,x5bDQh8FaZrcMh8EckeY-77,f_vb0bReNq_PyX6GKsqe-14,f_vb0bReNq_PyX6GKsqe-8,,[],未決,確定の明示なし,diagram[1]/root/*[73] (id=x5bDQh8FaZrcMh8EckeY-135),"{""id"": ""x5bDQh8FaZrcMh8EckeY-135"", ""edge"": ""1"", ""parent"": ""f_vb0bReNq_PyX6GKsqe-8"", ""source"": ""x5bDQh8FaZrcMh8EckeY-77"", ""style"": ""edgeStyle=orthogonalEdgeStyle;rounded=0;orthogonalLoop=1;jettySize=auto;html=1;exitX=1;exitY=0.75;exitDx=0;exitDy=0;entryX=0.25;entryY=1;entryDx=0;entryDy=0;"", ""target"": ""f_vb0bReNq_PyX6GKsqe-14""}","<mxGeometry relative=""1"" as=""geometry"">
            <Array as=""points"">
              <mxPoint x=""610.04"" y=""440.04"" />
              <mxPoint x=""610.04"" y=""462.04"" />
              <mxPoint x=""665"" y=""462.04"" />
            </Array>
            <mxPoint x=""650"" y=""422"" as=""targetPoint"" />
          </mxGeometry>
        "
Page-1,4S4QAY9o3vVNfXHAsMHo-15,x5bDQh8FaZrcMh8EckeY-77,x5bDQh8FaZrcMh8EckeY-166,f_vb0bReNq_PyX6GKsqe-8,,[],未決,確定の明示なし,diagram[1]/root/*[74] (id=4S4QAY9o3vVNfXHAsMHo-15),"{""id"": ""4S4QAY9o3vVNfXHAsMHo-15"", ""edge"": ""1"", ""parent"": ""f_vb0bReNq_PyX6GKsqe-8"", ""source"": ""x5bDQh8FaZrcMh8EckeY-77"", ""style"": ""edgeStyle=orthogonalEdgeStyle;rounded=0;orthogonalLoop=1;jettySize=auto;html=1;exitX=0.75;exitY=0;exitDx=0;exitDy=0;entryX=0.75;entryY=1;entryDx=0;entryDy=0;dashed=1;"", ""target"": ""x5bDQh8FaZrcMh8EckeY-166""}","<mxGeometry relative=""1"" as=""geometry"">
            <mxPoint x=""537.2413793103449"" y=""190"" as=""targetPoint"" />
          </mxGeometry>
        "
Page-1,x5bDQh8FaZrcMh8EckeY-273,x5bDQh8FaZrcMh8EckeY-83,x5bDQh8FaZrcMh8EckeY-269,f_vb0bReNq_PyX6GKsqe-8,,"[""x5bDQh8FaZrcMh8EckeY-276""]",未決,確定の明示なし,diagram[1]/root/*[79] (id=x5bDQh8FaZrcMh8EckeY-273),"{""id"": ""x5bDQh8FaZrcMh8EckeY-273"", ""edge"": ""1"", ""parent"": ""f_vb0bReNq_PyX6GKsqe-8"", ""source"": ""x5bDQh8FaZrcMh8EckeY-83"", ""style"": ""edgeStyle=orthogonalEdgeStyle;rounded=0;orthogonalLoop=1;jettySize=auto;html=1;entryX=1;entryY=1;entryDx=0;entryDy=0;"", ""target"": ""x5bDQh8FaZrcMh8EckeY-269""}","<mxGeometry relative=""1"" as=""geometry"">
            <Array as=""points"">
              <mxPoint x=""1010.06"" y=""890"" />
              <mxPoint x=""540.06"" y=""890"" />
            </Array>
          </mxGeometry>
        "
Page-1,x5bDQh8FaZrcMh8EckeY-278,x5bDQh8FaZrcMh8EckeY-83,x5bDQh8FaZrcMh8EckeY-277,f_vb0bReNq_PyX6GKsqe-8,,[],未決,確定の明示なし,diagram[1]/root/*[81] (id=x5bDQh8FaZrcMh8EckeY-278),"{""id"": ""x5bDQh8FaZrcMh8EckeY-278"", ""edge"": ""1"", ""parent"": ""f_vb0bReNq_PyX6GKsqe-8"", ""source"": ""x5bDQh8FaZrcMh8EckeY-83"", ""style"": ""edgeStyle=orthogonalEdgeStyle;rounded=0;orthogonalLoop=1;jettySize=auto;html=1;exitX=1;exitY=0;exitDx=0;exitDy=0;entryX=0.5;entryY=0;entryDx=0;entryDy=0;"", ""target"": ""x5bDQh8FaZrcMh8EckeY-277""}","<mxGeometry relative=""1"" as=""geometry"">
            <Array as=""points"">
              <mxPoint x=""1083"" y=""330"" />
              <mxPoint x=""1178"" y=""330"" />
            </Array>
          </mxGeometry>
        "
Page-1,x5bDQh8FaZrcMh8EckeY-90,x5bDQh8FaZrcMh8EckeY-15,x5bDQh8FaZrcMh8EckeY-83,f_vb0bReNq_PyX6GKsqe-8,,[],未決,確定の明示なし,diagram[1]/root/*[85] (id=x5bDQh8FaZrcMh8EckeY-90),"{""id"": ""x5bDQh8FaZrcMh8EckeY-90"", ""edge"": ""1"", ""parent"": ""f_vb0bReNq_PyX6GKsqe-8"", ""source"": ""x5bDQh8FaZrcMh8EckeY-15"", ""style"": ""edgeStyle=orthogonalEdgeStyle;rounded=0;orthogonalLoop=1;jettySize=auto;html=1;exitX=0;exitY=1;exitDx=0;exitDy=0;entryX=0.875;entryY=0.023;entryDx=0;entryDy=0;entryPerimeter=0;strokeColor=#009900;"", ""target"": ""x5bDQh8FaZrcMh8EckeY-83""}","<mxGeometry relative=""1"" as=""geometry"" />
        "
Page-1,x5bDQh8FaZrcMh8EckeY-95,f_vb0bReNq_PyX6GKsqe-37,x5bDQh8FaZrcMh8EckeY-27,f_vb0bReNq_PyX6GKsqe-8,,[],未決,確定の明示なし,diagram[1]/root/*[86] (id=x5bDQh8FaZrcMh8EckeY-95),"{""id"": ""x5bDQh8FaZrcMh8EckeY-95"", ""edge"": ""1"", ""parent"": ""f_vb0bReNq_PyX6GKsqe-8"", ""source"": ""f_vb0bReNq_PyX6GKsqe-37"", ""style"": ""edgeStyle=orthogonalEdgeStyle;rounded=0;orthogonalLoop=1;jettySize=auto;html=1;entryX=0.75;entryY=0;entryDx=0;entryDy=0;"", ""target"": ""x5bDQh8FaZrcMh8EckeY-27""}","<mxGeometry relative=""1"" as=""geometry"">
            <Array as=""points"">
              <mxPoint x=""1670"" y=""150"" />
              <mxPoint x=""755"" y=""150"" />
            </Array>
          </mxGeometry>
        "
Page-1,x5bDQh8FaZrcMh8EckeY-149,x5bDQh8FaZrcMh8EckeY-33,x5bDQh8FaZrcMh8EckeY-11,f_vb0bReNq_PyX6GKsqe-8,,"[""x5bDQh8FaZrcMh8EckeY-161""]",未決,確定の明示なし,diagram[1]/root/*[89] (id=x5bDQh8FaZrcMh8EckeY-149),"{""id"": ""x5bDQh8FaZrcMh8EckeY-149"", ""edge"": ""1"", ""parent"": ""f_vb0bReNq_PyX6GKsqe-8"", ""source"": ""x5bDQh8FaZrcMh8EckeY-33"", ""style"": ""edgeStyle=orthogonalEdgeStyle;rounded=0;orthogonalLoop=1;jettySize=auto;html=1;entryX=1;entryY=1;entryDx=0;entryDy=0;strokeColor=#EA6B66;exitX=0;exitY=0.25;exitDx=0;exitDy=0;"", ""target"": ""x5bDQh8FaZrcMh8EckeY-11""}","<mxGeometry relative=""1"" as=""geometry"">
            <Array as=""points"">
              <mxPoint x=""1329.98"" y=""712"" />
              <mxPoint x=""972.56"" y=""712"" />
              <mxPoint x=""972.56"" y=""720"" />
            </Array>
            <mxPoint x=""1330"" y=""712"" as=""sourcePoint"" />
          </mxGeometry>
        "
Page-1,x5bDQh8FaZrcMh8EckeY-163,x5bDQh8FaZrcMh8EckeY-33,f_vb0bReNq_PyX6GKsqe-16,f_vb0bReNq_PyX6GKsqe-8,collision_stop_request,[],未決,確定の明示なし,diagram[1]/root/*[91] (id=x5bDQh8FaZrcMh8EckeY-163),"{""id"": ""x5bDQh8FaZrcMh8EckeY-163"", ""edge"": ""1"", ""parent"": ""f_vb0bReNq_PyX6GKsqe-8"", ""source"": ""x5bDQh8FaZrcMh8EckeY-33"", ""style"": ""edgeStyle=orthogonalEdgeStyle;rounded=0;orthogonalLoop=1;jettySize=auto;html=1;exitX=0;exitY=0.75;exitDx=0;exitDy=0;entryX=1;entryY=1;entryDx=0;entryDy=0;"", ""target"": ""f_vb0bReNq_PyX6GKsqe-16"", ""value"": ""collision_stop_request""}","<mxGeometry relative=""1"" x=""0.7297"" as=""geometry"">
            <mxPoint as=""offset"" />
            <Array as=""points"">
              <mxPoint x=""920"" y=""850"" />
              <mxPoint x=""920"" y=""699.92"" />
              <mxPoint x=""940"" y=""699.92"" />
              <mxPoint x=""940"" y=""555"" />
            </Array>
            <mxPoint x=""940"" y=""550"" as=""targetPoint"" />
          </mxGeometry>
        "
Page-1,x5bDQh8FaZrcMh8EckeY-137,x5bDQh8FaZrcMh8EckeY-113,x5bDQh8FaZrcMh8EckeY-11,f_vb0bReNq_PyX6GKsqe-8,heartbeat,[],未決,確定の明示なし,diagram[1]/root/*[95] (id=x5bDQh8FaZrcMh8EckeY-137),"{""id"": ""x5bDQh8FaZrcMh8EckeY-137"", ""edge"": ""1"", ""parent"": ""f_vb0bReNq_PyX6GKsqe-8"", ""source"": ""x5bDQh8FaZrcMh8EckeY-113"", ""style"": ""edgeStyle=orthogonalEdgeStyle;rounded=0;orthogonalLoop=1;jettySize=auto;html=1;exitX=1;exitY=1;exitDx=0;exitDy=0;entryX=0;entryY=0.5;entryDx=0;entryDy=0;strokeColor=#EA6B66;"", ""target"": ""x5bDQh8FaZrcMh8EckeY-11"", ""value"": ""heartbeat""}","<mxGeometry relative=""1"" as=""geometry"" />
        "
Page-1,x5bDQh8FaZrcMh8EckeY-153,x5bDQh8FaZrcMh8EckeY-113,f_vb0bReNq_PyX6GKsqe-14,f_vb0bReNq_PyX6GKsqe-8,,[],未決,確定の明示なし,diagram[1]/root/*[96] (id=x5bDQh8FaZrcMh8EckeY-153),"{""id"": ""x5bDQh8FaZrcMh8EckeY-153"", ""edge"": ""1"", ""parent"": ""f_vb0bReNq_PyX6GKsqe-8"", ""source"": ""x5bDQh8FaZrcMh8EckeY-113"", ""style"": ""edgeStyle=orthogonalEdgeStyle;rounded=0;orthogonalLoop=1;jettySize=auto;html=1;exitX=1;exitY=0.75;exitDx=0;exitDy=0;entryX=0.5;entryY=1;entryDx=0;entryDy=0;"", ""target"": ""f_vb0bReNq_PyX6GKsqe-14""}","<mxGeometry relative=""1"" as=""geometry"">
            <Array as=""points"">
              <mxPoint x=""670"" y=""493.12"" />
              <mxPoint x=""670"" y=""440"" />
              <mxPoint x=""710"" y=""440"" />
            </Array>
          </mxGeometry>
        "
Page-1,4S4QAY9o3vVNfXHAsMHo-21,x5bDQh8FaZrcMh8EckeY-113,x5bDQh8FaZrcMh8EckeY-12,f_vb0bReNq_PyX6GKsqe-8,,[],未決,確定の明示なし,diagram[1]/root/*[97] (id=4S4QAY9o3vVNfXHAsMHo-21),"{""id"": ""4S4QAY9o3vVNfXHAsMHo-21"", ""edge"": ""1"", ""parent"": ""f_vb0bReNq_PyX6GKsqe-8"", ""source"": ""x5bDQh8FaZrcMh8EckeY-113"", ""style"": ""edgeStyle=orthogonalEdgeStyle;rounded=0;orthogonalLoop=1;jettySize=auto;html=1;exitX=0.75;exitY=0;exitDx=0;exitDy=0;entryX=0.75;entryY=1;entryDx=0;entryDy=0;"", ""target"": ""x5bDQh8FaZrcMh8EckeY-12""}","<mxGeometry relative=""1"" as=""geometry"" />
        "
Page-1,x5bDQh8FaZrcMh8EckeY-116,x5bDQh8FaZrcMh8EckeY-27,x5bDQh8FaZrcMh8EckeY-113,f_vb0bReNq_PyX6GKsqe-8,,[],未決,確定の明示なし,diagram[1]/root/*[100] (id=x5bDQh8FaZrcMh8EckeY-116),"{""id"": ""x5bDQh8FaZrcMh8EckeY-116"", ""edge"": ""1"", ""parent"": ""f_vb0bReNq_PyX6GKsqe-8"", ""source"": ""x5bDQh8FaZrcMh8EckeY-27"", ""style"": ""edgeStyle=orthogonalEdgeStyle;rounded=0;orthogonalLoop=1;jettySize=auto;html=1;entryX=0.691;entryY=0.014;entryDx=0;entryDy=0;entryPerimeter=0;exitX=0;exitY=0.75;exitDx=0;exitDy=0;"", ""target"": ""x5bDQh8FaZrcMh8EckeY-113""}","<mxGeometry relative=""1"" as=""geometry"">
            <Array as=""points"">
              <mxPoint x=""600.06"" y=""240"" />
              <mxPoint x=""600.06"" y=""302"" />
              <mxPoint x=""289.71"" y=""302"" />
            </Array>
          </mxGeometry>
        "
Page-1,x5bDQh8FaZrcMh8EckeY-123,x5bDQh8FaZrcMh8EckeY-120,x5bDQh8FaZrcMh8EckeY-113,f_vb0bReNq_PyX6GKsqe-8,,[],未決,確定の明示なし,diagram[1]/root/*[101] (id=x5bDQh8FaZrcMh8EckeY-123),"{""id"": ""x5bDQh8FaZrcMh8EckeY-123"", ""edge"": ""1"", ""parent"": ""f_vb0bReNq_PyX6GKsqe-8"", ""source"": ""x5bDQh8FaZrcMh8EckeY-120"", ""style"": ""edgeStyle=orthogonalEdgeStyle;rounded=0;orthogonalLoop=1;jettySize=auto;html=1;exitX=0;exitY=1;exitDx=0;exitDy=0;entryX=0;entryY=0.5;entryDx=0;entryDy=0;"", ""target"": ""x5bDQh8FaZrcMh8EckeY-113""}","<mxGeometry relative=""1"" as=""geometry"" />
        "
Page-1,x5bDQh8FaZrcMh8EckeY-134,x5bDQh8FaZrcMh8EckeY-12,x5bDQh8FaZrcMh8EckeY-113,f_vb0bReNq_PyX6GKsqe-8,,[],未決,確定の明示なし,diagram[1]/root/*[104] (id=x5bDQh8FaZrcMh8EckeY-134),"{""id"": ""x5bDQh8FaZrcMh8EckeY-134"", ""edge"": ""1"", ""parent"": ""f_vb0bReNq_PyX6GKsqe-8"", ""source"": ""x5bDQh8FaZrcMh8EckeY-12"", ""style"": ""edgeStyle=orthogonalEdgeStyle;rounded=0;orthogonalLoop=1;jettySize=auto;html=1;exitX=0.5;exitY=1;exitDx=0;exitDy=0;entryX=0.597;entryY=0.015;entryDx=0;entryDy=0;entryPerimeter=0;"", ""target"": ""x5bDQh8FaZrcMh8EckeY-113""}","<mxGeometry relative=""1"" as=""geometry"">
            <Array as=""points"">
              <mxPoint x=""265.25"" y=""265"" />
            </Array>
          </mxGeometry>
        "
Page-1,x5bDQh8FaZrcMh8EckeY-147,f_vb0bReNq_PyX6GKsqe-14,x5bDQh8FaZrcMh8EckeY-11,f_vb0bReNq_PyX6GKsqe-8,,[],未決,確定の明示なし,diagram[1]/root/*[105] (id=x5bDQh8FaZrcMh8EckeY-147),"{""id"": ""x5bDQh8FaZrcMh8EckeY-147"", ""edge"": ""1"", ""parent"": ""f_vb0bReNq_PyX6GKsqe-8"", ""source"": ""f_vb0bReNq_PyX6GKsqe-14"", ""style"": ""edgeStyle=orthogonalEdgeStyle;rounded=0;orthogonalLoop=1;jettySize=auto;html=1;exitX=0;exitY=1;exitDx=0;exitDy=0;entryX=0.951;entryY=0.013;entryDx=0;entryDy=0;entryPerimeter=0;strokeColor=#EA6B66;"", ""target"": ""x5bDQh8FaZrcMh8EckeY-11""}","<mxGeometry relative=""1"" as=""geometry"">
            <Array as=""points"">
              <mxPoint x=""620"" y=""497.54"" />
              <mxPoint x=""610"" y=""497.54"" />
              <mxPoint x=""610"" y=""572"" />
            </Array>
          </mxGeometry>
        "
Page-1,x5bDQh8FaZrcMh8EckeY-148,x5bDQh8FaZrcMh8EckeY-27,x5bDQh8FaZrcMh8EckeY-11,f_vb0bReNq_PyX6GKsqe-8,,"[""x5bDQh8FaZrcMh8EckeY-159""]",未決,確定の明示なし,diagram[1]/root/*[106] (id=x5bDQh8FaZrcMh8EckeY-148),"{""id"": ""x5bDQh8FaZrcMh8EckeY-148"", ""edge"": ""1"", ""parent"": ""f_vb0bReNq_PyX6GKsqe-8"", ""source"": ""x5bDQh8FaZrcMh8EckeY-27"", ""style"": ""edgeStyle=orthogonalEdgeStyle;rounded=0;orthogonalLoop=1;jettySize=auto;html=1;exitX=0;exitY=1;exitDx=0;exitDy=0;entryX=0.951;entryY=0.027;entryDx=0;entryDy=0;entryPerimeter=0;strokeColor=#EA6B66;"", ""target"": ""x5bDQh8FaZrcMh8EckeY-11""}","<mxGeometry relative=""1"" as=""geometry"">
            <Array as=""points"">
              <mxPoint x=""600"" y=""265"" />
              <mxPoint x=""600"" y=""417.56"" />
              <mxPoint x=""605.22"" y=""417.56"" />
            </Array>
          </mxGeometry>
        "
Page-1,x5bDQh8FaZrcMh8EckeY-150,x5bDQh8FaZrcMh8EckeY-55,f_vb0bReNq_PyX6GKsqe-14,f_vb0bReNq_PyX6GKsqe-8,,[],未決,確定の明示なし,diagram[1]/root/*[108] (id=x5bDQh8FaZrcMh8EckeY-150),"{""id"": ""x5bDQh8FaZrcMh8EckeY-150"", ""edge"": ""1"", ""parent"": ""f_vb0bReNq_PyX6GKsqe-8"", ""source"": ""x5bDQh8FaZrcMh8EckeY-55"", ""style"": ""edgeStyle=orthogonalEdgeStyle;rounded=0;orthogonalLoop=1;jettySize=auto;html=1;exitX=0;exitY=1;exitDx=0;exitDy=0;entryX=0.996;entryY=0.145;entryDx=0;entryDy=0;entryPerimeter=0;"", ""target"": ""f_vb0bReNq_PyX6GKsqe-14""}","<mxGeometry relative=""1"" as=""geometry"" />
        "
Page-1,x5bDQh8FaZrcMh8EckeY-154,x5bDQh8FaZrcMh8EckeY-77,x5bDQh8FaZrcMh8EckeY-113,f_vb0bReNq_PyX6GKsqe-8,,[],未決,確定の明示なし,diagram[1]/root/*[109] (id=x5bDQh8FaZrcMh8EckeY-154),"{""id"": ""x5bDQh8FaZrcMh8EckeY-154"", ""edge"": ""1"", ""parent"": ""f_vb0bReNq_PyX6GKsqe-8"", ""source"": ""x5bDQh8FaZrcMh8EckeY-77"", ""style"": ""edgeStyle=orthogonalEdgeStyle;rounded=0;orthogonalLoop=1;jettySize=auto;html=1;exitX=0;exitY=0.25;exitDx=0;exitDy=0;entryX=0.838;entryY=0.002;entryDx=0;entryDy=0;entryPerimeter=0;"", ""target"": ""x5bDQh8FaZrcMh8EckeY-113""}","<mxGeometry relative=""1"" as=""geometry"" />
        "
Page-1,x5bDQh8FaZrcMh8EckeY-264,x5bDQh8FaZrcMh8EckeY-166,x5bDQh8FaZrcMh8EckeY-77,f_vb0bReNq_PyX6GKsqe-8,,[],未決,確定の明示なし,diagram[1]/root/*[110] (id=x5bDQh8FaZrcMh8EckeY-264),"{""id"": ""x5bDQh8FaZrcMh8EckeY-264"", ""edge"": ""1"", ""parent"": ""f_vb0bReNq_PyX6GKsqe-8"", ""source"": ""x5bDQh8FaZrcMh8EckeY-166"", ""style"": ""edgeStyle=orthogonalEdgeStyle;rounded=0;orthogonalLoop=1;jettySize=auto;html=1;dashed=1;exitX=0.5;exitY=1;exitDx=0;exitDy=0;entryX=0.547;entryY=0.017;entryDx=0;entryDy=0;entryPerimeter=0;"", ""target"": ""x5bDQh8FaZrcMh8EckeY-77""}","<mxGeometry relative=""1"" as=""geometry"" />
        "
Page-1,x5bDQh8FaZrcMh8EckeY-280,x5bDQh8FaZrcMh8EckeY-269,x5bDQh8FaZrcMh8EckeY-12,f_vb0bReNq_PyX6GKsqe-8,,[],未決,確定の明示なし,diagram[1]/root/*[113] (id=x5bDQh8FaZrcMh8EckeY-280),"{""id"": ""x5bDQh8FaZrcMh8EckeY-280"", ""edge"": ""1"", ""parent"": ""f_vb0bReNq_PyX6GKsqe-8"", ""source"": ""x5bDQh8FaZrcMh8EckeY-269"", ""style"": ""edgeStyle=orthogonalEdgeStyle;rounded=0;orthogonalLoop=1;jettySize=auto;html=1;entryX=0;entryY=0.5;entryDx=0;entryDy=0;exitX=0.5;exitY=1;exitDx=0;exitDy=0;"", ""target"": ""x5bDQh8FaZrcMh8EckeY-12""}","<mxGeometry relative=""1"" as=""geometry"">
            <Array as=""points"">
              <mxPoint x=""430"" y=""880"" />
              <mxPoint x=""-10"" y=""880"" />
              <mxPoint x=""-10"" y=""220"" />
              <mxPoint x=""200"" y=""220"" />
            </Array>
          </mxGeometry>
        "
Page-1,x5bDQh8FaZrcMh8EckeY-272,x5bDQh8FaZrcMh8EckeY-11,x5bDQh8FaZrcMh8EckeY-269,f_vb0bReNq_PyX6GKsqe-8,,"[""x5bDQh8FaZrcMh8EckeY-275""]",未決,確定の明示なし,diagram[1]/root/*[116] (id=x5bDQh8FaZrcMh8EckeY-272),"{""id"": ""x5bDQh8FaZrcMh8EckeY-272"", ""edge"": ""1"", ""parent"": ""f_vb0bReNq_PyX6GKsqe-8"", ""source"": ""x5bDQh8FaZrcMh8EckeY-11"", ""style"": ""edgeStyle=orthogonalEdgeStyle;rounded=0;orthogonalLoop=1;jettySize=auto;html=1;exitX=0.25;exitY=1;exitDx=0;exitDy=0;entryX=0.665;entryY=0.028;entryDx=0;entryDy=0;entryPerimeter=0;"", ""target"": ""x5bDQh8FaZrcMh8EckeY-269""}","<mxGeometry relative=""1"" as=""geometry"" />
        "
Page-1,4S4QAY9o3vVNfXHAsMHo-2,4S4QAY9o3vVNfXHAsMHo-1,f_vb0bReNq_PyX6GKsqe-14,f_vb0bReNq_PyX6GKsqe-8,,[],未決,確定の明示なし,diagram[1]/root/*[120] (id=4S4QAY9o3vVNfXHAsMHo-2),"{""id"": ""4S4QAY9o3vVNfXHAsMHo-2"", ""edge"": ""1"", ""parent"": ""f_vb0bReNq_PyX6GKsqe-8"", ""source"": ""4S4QAY9o3vVNfXHAsMHo-1"", ""style"": ""edgeStyle=orthogonalEdgeStyle;rounded=0;orthogonalLoop=1;jettySize=auto;html=1;entryX=1;entryY=1;entryDx=0;entryDy=0;"", ""target"": ""f_vb0bReNq_PyX6GKsqe-14""}","<mxGeometry relative=""1"" as=""geometry"">
            <Array as=""points"">
              <mxPoint x=""1090.08"" y=""642.52"" />
              <mxPoint x=""1090.08"" y=""440"" />
              <mxPoint x=""800"" y=""440"" />
            </Array>
            <mxPoint x=""800"" y=""410"" as=""targetPoint"" />
          </mxGeometry>
        "
Page-1,4S4QAY9o3vVNfXHAsMHo-6,4S4QAY9o3vVNfXHAsMHo-1,x5bDQh8FaZrcMh8EckeY-11,f_vb0bReNq_PyX6GKsqe-8,,"[""4S4QAY9o3vVNfXHAsMHo-7""]",未決,確定の明示なし,diagram[1]/root/*[121] (id=4S4QAY9o3vVNfXHAsMHo-6),"{""id"": ""4S4QAY9o3vVNfXHAsMHo-6"", ""edge"": ""1"", ""parent"": ""f_vb0bReNq_PyX6GKsqe-8"", ""source"": ""4S4QAY9o3vVNfXHAsMHo-1"", ""style"": ""edgeStyle=orthogonalEdgeStyle;rounded=0;orthogonalLoop=1;jettySize=auto;html=1;exitX=0;exitY=0.75;exitDx=0;exitDy=0;entryX=1;entryY=1;entryDx=0;entryDy=0;strokeColor=#EA6B66;"", ""target"": ""x5bDQh8FaZrcMh8EckeY-11""}","<mxGeometry relative=""1"" as=""geometry"">
            <Array as=""points"">
              <mxPoint x=""1160"" y=""690"" />
              <mxPoint x=""950"" y=""690"" />
              <mxPoint x=""950"" y=""710"" />
              <mxPoint x=""615"" y=""710"" />
            </Array>
          </mxGeometry>
        "
Page-1,4S4QAY9o3vVNfXHAsMHo-9,4S4QAY9o3vVNfXHAsMHo-1,x5bDQh8FaZrcMh8EckeY-83,f_vb0bReNq_PyX6GKsqe-8,,[],未決,確定の明示なし,diagram[1]/root/*[123] (id=4S4QAY9o3vVNfXHAsMHo-9),"{""id"": ""4S4QAY9o3vVNfXHAsMHo-9"", ""edge"": ""1"", ""parent"": ""f_vb0bReNq_PyX6GKsqe-8"", ""source"": ""4S4QAY9o3vVNfXHAsMHo-1"", ""style"": ""edgeStyle=orthogonalEdgeStyle;rounded=0;orthogonalLoop=1;jettySize=auto;html=1;exitX=0;exitY=0.25;exitDx=0;exitDy=0;entryX=0.75;entryY=1;entryDx=0;entryDy=0;strokeColor=#009900;"", ""target"": ""x5bDQh8FaZrcMh8EckeY-83""}","<mxGeometry relative=""1"" as=""geometry"" />
        "
Page-1,4S4QAY9o3vVNfXHAsMHo-18,4S4QAY9o3vVNfXHAsMHo-1,x5bDQh8FaZrcMh8EckeY-27,f_vb0bReNq_PyX6GKsqe-8,,"[""4S4QAY9o3vVNfXHAsMHo-24"", ""4S4QAY9o3vVNfXHAsMHo-25""]",未決,確定の明示なし,diagram[1]/root/*[124] (id=4S4QAY9o3vVNfXHAsMHo-18),"{""id"": ""4S4QAY9o3vVNfXHAsMHo-18"", ""edge"": ""1"", ""parent"": ""f_vb0bReNq_PyX6GKsqe-8"", ""source"": ""4S4QAY9o3vVNfXHAsMHo-1"", ""style"": ""edgeStyle=orthogonalEdgeStyle;rounded=0;orthogonalLoop=1;jettySize=auto;html=1;exitX=0;exitY=0;exitDx=0;exitDy=0;entryX=1;entryY=1;entryDx=0;entryDy=0;"", ""target"": ""x5bDQh8FaZrcMh8EckeY-27""}","<mxGeometry relative=""1"" as=""geometry"">
            <Array as=""points"">
              <mxPoint x=""1100"" y=""592.47"" />
              <mxPoint x=""1100"" y=""270.05"" />
              <mxPoint x=""800"" y=""270.05"" />
            </Array>
          </mxGeometry>
        "
Page-1,4S4QAY9o3vVNfXHAsMHo-19,x5bDQh8FaZrcMh8EckeY-33,x5bDQh8FaZrcMh8EckeY-113,f_vb0bReNq_PyX6GKsqe-8,,[],未決,確定の明示なし,diagram[1]/root/*[129] (id=4S4QAY9o3vVNfXHAsMHo-19),"{""id"": ""4S4QAY9o3vVNfXHAsMHo-19"", ""edge"": ""1"", ""parent"": ""f_vb0bReNq_PyX6GKsqe-8"", ""source"": ""x5bDQh8FaZrcMh8EckeY-33"", ""style"": ""edgeStyle=orthogonalEdgeStyle;rounded=0;orthogonalLoop=1;jettySize=auto;html=1;entryX=0.75;entryY=1;entryDx=0;entryDy=0;exitX=0.5;exitY=1;exitDx=0;exitDy=0;"", ""target"": ""x5bDQh8FaZrcMh8EckeY-113""}","<mxGeometry relative=""1"" as=""geometry"">
            <Array as=""points"">
              <mxPoint x=""1430"" y=""900"" />
              <mxPoint x=""1430"" y=""930"" />
              <mxPoint x=""305"" y=""930"" />
            </Array>
          </mxGeometry>
        "
Page-1,2TSgiu6-nVzXwyzMdGmE-5,2TSgiu6-nVzXwyzMdGmE-4,x5bDQh8FaZrcMh8EckeY-12,f_vb0bReNq_PyX6GKsqe-8,,[],未決,確定の明示なし,diagram[1]/root/*[130] (id=2TSgiu6-nVzXwyzMdGmE-5),"{""id"": ""2TSgiu6-nVzXwyzMdGmE-5"", ""edge"": ""1"", ""parent"": ""f_vb0bReNq_PyX6GKsqe-8"", ""source"": ""2TSgiu6-nVzXwyzMdGmE-4"", ""style"": ""edgeStyle=orthogonalEdgeStyle;rounded=0;orthogonalLoop=1;jettySize=auto;html=1;entryX=0.5;entryY=0;entryDx=0;entryDy=0;"", ""target"": ""x5bDQh8FaZrcMh8EckeY-12""}","<mxGeometry relative=""1"" as=""geometry"" />
        "
Page-1,2TSgiu6-nVzXwyzMdGmE-6,2TSgiu6-nVzXwyzMdGmE-4,f_vb0bReNq_PyX6GKsqe-14,f_vb0bReNq_PyX6GKsqe-8,,[],未決,確定の明示なし,diagram[1]/root/*[131] (id=2TSgiu6-nVzXwyzMdGmE-6),"{""id"": ""2TSgiu6-nVzXwyzMdGmE-6"", ""edge"": ""1"", ""parent"": ""f_vb0bReNq_PyX6GKsqe-8"", ""source"": ""2TSgiu6-nVzXwyzMdGmE-4"", ""style"": ""edgeStyle=orthogonalEdgeStyle;rounded=0;orthogonalLoop=1;jettySize=auto;html=1;exitX=0;exitY=0.75;exitDx=0;exitDy=0;entryX=0;entryY=0;entryDx=0;entryDy=0;"", ""target"": ""f_vb0bReNq_PyX6GKsqe-14""}","<mxGeometry relative=""1"" as=""geometry"">
            <Array as=""points"">
              <mxPoint x=""610"" y=""107.53"" />
              <mxPoint x=""610"" y=""295"" />
            </Array>
          </mxGeometry>
        "
Page-1,x5bDQh8FaZrcMh8EckeY-13,f_vb0bReNq_PyX6GKsqe-18,f_vb0bReNq_PyX6GKsqe-8,f_vb0bReNq_PyX6GKsqe-3,,[],未決,確定の明示なし,diagram[1]/root/*[133] (id=x5bDQh8FaZrcMh8EckeY-13),"{""id"": ""x5bDQh8FaZrcMh8EckeY-13"", ""edge"": ""1"", ""parent"": ""f_vb0bReNq_PyX6GKsqe-3"", ""source"": ""f_vb0bReNq_PyX6GKsqe-18"", ""style"": ""edgeStyle=orthogonalEdgeStyle;rounded=0;orthogonalLoop=1;jettySize=auto;html=1;entryX=0.201;entryY=0.006;entryDx=0;entryDy=0;entryPerimeter=0;"", ""target"": ""f_vb0bReNq_PyX6GKsqe-8""}","<mxGeometry relative=""1"" as=""geometry"" />
        "
Page-1,f_vb0bReNq_PyX6GKsqe-40,f_vb0bReNq_PyX6GKsqe-19,f_vb0bReNq_PyX6GKsqe-37,1,,[],未決,確定の明示なし,diagram[1]/root/*[134] (id=f_vb0bReNq_PyX6GKsqe-40),"{""id"": ""f_vb0bReNq_PyX6GKsqe-40"", ""edge"": ""1"", ""parent"": ""1"", ""source"": ""f_vb0bReNq_PyX6GKsqe-19"", ""style"": ""edgeStyle=orthogonalEdgeStyle;rounded=0;orthogonalLoop=1;jettySize=auto;html=1;entryX=1;entryY=0.75;entryDx=0;entryDy=0;"", ""target"": ""f_vb0bReNq_PyX6GKsqe-37""}","<mxGeometry relative=""1"" as=""geometry"">
            <mxPoint x=""1150"" y=""330"" as=""targetPoint"" />
          </mxGeometry>
        "
Page-1,f_vb0bReNq_PyX6GKsqe-42,f_vb0bReNq_PyX6GKsqe-21,f_vb0bReNq_PyX6GKsqe-38,1,,[],未決,確定の明示なし,diagram[1]/root/*[138] (id=f_vb0bReNq_PyX6GKsqe-42),"{""id"": ""f_vb0bReNq_PyX6GKsqe-42"", ""edge"": ""1"", ""parent"": ""1"", ""source"": ""f_vb0bReNq_PyX6GKsqe-21"", ""style"": ""edgeStyle=orthogonalEdgeStyle;rounded=0;orthogonalLoop=1;jettySize=auto;html=1;exitX=0;exitY=1;exitDx=0;exitDy=0;entryX=1;entryY=0.5;entryDx=0;entryDy=0;"", ""target"": ""f_vb0bReNq_PyX6GKsqe-38""}","<mxGeometry relative=""1"" as=""geometry"">
            <Array as=""points"">
              <mxPoint x=""2050.06"" y=""670"" />
              <mxPoint x=""1150.06"" y=""670"" />
              <mxPoint x=""1150.06"" y=""574.94"" />
            </Array>
            <mxPoint x=""1140"" y=""620"" as=""targetPoint"" />
          </mxGeometry>
        "
Page-1,x5bDQh8FaZrcMh8EckeY-131,f_vb0bReNq_PyX6GKsqe-23,f_vb0bReNq_PyX6GKsqe-43,1,,[],未決,確定の明示なし,diagram[1]/root/*[142] (id=x5bDQh8FaZrcMh8EckeY-131),"{""id"": ""x5bDQh8FaZrcMh8EckeY-131"", ""edge"": ""1"", ""parent"": ""1"", ""source"": ""f_vb0bReNq_PyX6GKsqe-23"", ""style"": ""edgeStyle=orthogonalEdgeStyle;rounded=0;orthogonalLoop=1;jettySize=auto;html=1;exitX=0;exitY=0.25;exitDx=0;exitDy=0;entryX=1;entryY=0.5;entryDx=0;entryDy=0;"", ""target"": ""f_vb0bReNq_PyX6GKsqe-43""}","<mxGeometry relative=""1"" as=""geometry"" />
        "
Page-1,x5bDQh8FaZrcMh8EckeY-4,x5bDQh8FaZrcMh8EckeY-2,x5bDQh8FaZrcMh8EckeY-3,f_vb0bReNq_PyX6GKsqe-36,,[],未決,確定の明示なし,diagram[1]/root/*[147] (id=x5bDQh8FaZrcMh8EckeY-4),"{""id"": ""x5bDQh8FaZrcMh8EckeY-4"", ""edge"": ""1"", ""parent"": ""f_vb0bReNq_PyX6GKsqe-36"", ""source"": ""x5bDQh8FaZrcMh8EckeY-2"", ""style"": ""edgeStyle=orthogonalEdgeStyle;rounded=0;orthogonalLoop=1;jettySize=auto;html=1;entryX=0.5;entryY=0;entryDx=0;entryDy=0;"", ""target"": ""x5bDQh8FaZrcMh8EckeY-3""}","<mxGeometry relative=""1"" as=""geometry"" />
        "
Page-1,x5bDQh8FaZrcMh8EckeY-6,x5bDQh8FaZrcMh8EckeY-3,x5bDQh8FaZrcMh8EckeY-5,1,,[],未決,確定の明示なし,diagram[1]/root/*[151] (id=x5bDQh8FaZrcMh8EckeY-6),"{""id"": ""x5bDQh8FaZrcMh8EckeY-6"", ""edge"": ""1"", ""parent"": ""1"", ""source"": ""x5bDQh8FaZrcMh8EckeY-3"", ""style"": ""edgeStyle=orthogonalEdgeStyle;rounded=0;orthogonalLoop=1;jettySize=auto;html=1;entryX=0.5;entryY=0;entryDx=0;entryDy=0;"", ""target"": ""x5bDQh8FaZrcMh8EckeY-5""}","<mxGeometry relative=""1"" as=""geometry"" />
        "
Page-1,x5bDQh8FaZrcMh8EckeY-10,x5bDQh8FaZrcMh8EckeY-9,x5bDQh8FaZrcMh8EckeY-2,1,,[],未決,確定の明示なし,diagram[1]/root/*[152] (id=x5bDQh8FaZrcMh8EckeY-10),"{""id"": ""x5bDQh8FaZrcMh8EckeY-10"", ""edge"": ""1"", ""parent"": ""1"", ""source"": ""x5bDQh8FaZrcMh8EckeY-9"", ""style"": ""edgeStyle=orthogonalEdgeStyle;rounded=0;orthogonalLoop=1;jettySize=auto;html=1;entryX=1;entryY=0.5;entryDx=0;entryDy=0;strokeColor=#7EA6E0;"", ""target"": ""x5bDQh8FaZrcMh8EckeY-2""}","<mxGeometry relative=""1"" as=""geometry"">
            <Array as=""points"">
              <mxPoint x=""790"" y=""1150"" />
              <mxPoint x=""790"" y=""1150"" />
            </Array>
          </mxGeometry>
        "
Page-1,x5bDQh8FaZrcMh8EckeY-14,f_vb0bReNq_PyX6GKsqe-39,x5bDQh8FaZrcMh8EckeY-2,1,,[],未決,確定の明示なし,diagram[1]/root/*[155] (id=x5bDQh8FaZrcMh8EckeY-14),"{""id"": ""x5bDQh8FaZrcMh8EckeY-14"", ""edge"": ""1"", ""parent"": ""1"", ""source"": ""f_vb0bReNq_PyX6GKsqe-39"", ""style"": ""edgeStyle=orthogonalEdgeStyle;rounded=0;orthogonalLoop=1;jettySize=auto;html=1;entryX=0.576;entryY=0.004;entryDx=0;entryDy=0;entryPerimeter=0;"", ""target"": ""x5bDQh8FaZrcMh8EckeY-2""}","<mxGeometry relative=""1"" as=""geometry"" />
        "
Page-1,x5bDQh8FaZrcMh8EckeY-23,x5bDQh8FaZrcMh8EckeY-22,x5bDQh8FaZrcMh8EckeY-5,1,,[],未決,確定の明示なし,diagram[1]/root/*[156] (id=x5bDQh8FaZrcMh8EckeY-23),"{""id"": ""x5bDQh8FaZrcMh8EckeY-23"", ""edge"": ""1"", ""parent"": ""1"", ""source"": ""x5bDQh8FaZrcMh8EckeY-22"", ""style"": ""edgeStyle=orthogonalEdgeStyle;rounded=0;orthogonalLoop=1;jettySize=auto;html=1;entryX=1;entryY=0.5;entryDx=0;entryDy=0;strokeColor=#EA6B66;"", ""target"": ""x5bDQh8FaZrcMh8EckeY-5""}","<mxGeometry relative=""1"" as=""geometry"" />
        "
Page-1,x5bDQh8FaZrcMh8EckeY-164,x5bDQh8FaZrcMh8EckeY-22,x5bDQh8FaZrcMh8EckeY-2,1,,"[""x5bDQh8FaZrcMh8EckeY-165""]",未決,確定の明示なし,diagram[1]/root/*[157] (id=x5bDQh8FaZrcMh8EckeY-164),"{""id"": ""x5bDQh8FaZrcMh8EckeY-164"", ""edge"": ""1"", ""parent"": ""1"", ""source"": ""x5bDQh8FaZrcMh8EckeY-22"", ""style"": ""edgeStyle=orthogonalEdgeStyle;rounded=0;orthogonalLoop=1;jettySize=auto;html=1;entryX=1;entryY=0.75;entryDx=0;entryDy=0;"", ""target"": ""x5bDQh8FaZrcMh8EckeY-2""}","<mxGeometry relative=""1"" as=""geometry"" />
        "
Page-1,x5bDQh8FaZrcMh8EckeY-40,x5bDQh8FaZrcMh8EckeY-2,f_vb0bReNq_PyX6GKsqe-39,1,,"[""x5bDQh8FaZrcMh8EckeY-162""]",未決,確定の明示なし,diagram[1]/root/*[161] (id=x5bDQh8FaZrcMh8EckeY-40),"{""id"": ""x5bDQh8FaZrcMh8EckeY-40"", ""edge"": ""1"", ""parent"": ""1"", ""source"": ""x5bDQh8FaZrcMh8EckeY-2"", ""style"": ""edgeStyle=orthogonalEdgeStyle;rounded=0;orthogonalLoop=1;jettySize=auto;html=1;entryX=1;entryY=0.75;entryDx=0;entryDy=0;"", ""target"": ""f_vb0bReNq_PyX6GKsqe-39""}","<mxGeometry relative=""1"" as=""geometry"">
            <Array as=""points"">
              <mxPoint x=""425"" y=""890.56"" />
            </Array>
          </mxGeometry>
        "
Page-1,x5bDQh8FaZrcMh8EckeY-127,x5bDQh8FaZrcMh8EckeY-126,x5bDQh8FaZrcMh8EckeY-120,1,,[],未決,確定の明示なし,diagram[1]/root/*[163] (id=x5bDQh8FaZrcMh8EckeY-127),"{""id"": ""x5bDQh8FaZrcMh8EckeY-127"", ""edge"": ""1"", ""parent"": ""1"", ""source"": ""x5bDQh8FaZrcMh8EckeY-126"", ""style"": ""edgeStyle=orthogonalEdgeStyle;rounded=0;orthogonalLoop=1;jettySize=auto;html=1;exitX=0;exitY=0;exitDx=0;exitDy=0;entryX=0;entryY=0.75;entryDx=0;entryDy=0;"", ""target"": ""x5bDQh8FaZrcMh8EckeY-120""}","<mxGeometry relative=""1"" as=""geometry"">
            <Array as=""points"">
              <mxPoint x=""-810"" y=""1020"" />
              <mxPoint x=""-810"" y=""412"" />
            </Array>
          </mxGeometry>
        "
Page-1,x5bDQh8FaZrcMh8EckeY-133,x5bDQh8FaZrcMh8EckeY-132,x5bDQh8FaZrcMh8EckeY-32,1,,[],未決,確定の明示なし,diagram[1]/root/*[166] (id=x5bDQh8FaZrcMh8EckeY-133),"{""id"": ""x5bDQh8FaZrcMh8EckeY-133"", ""edge"": ""1"", ""parent"": ""1"", ""source"": ""x5bDQh8FaZrcMh8EckeY-132"", ""style"": ""edgeStyle=orthogonalEdgeStyle;rounded=0;orthogonalLoop=1;jettySize=auto;html=1;exitX=0.25;exitY=0;exitDx=0;exitDy=0;entryX=0.75;entryY=1;entryDx=0;entryDy=0;"", ""target"": ""x5bDQh8FaZrcMh8EckeY-32""}","<mxGeometry relative=""1"" as=""geometry"">
            <Array as=""points"">
              <mxPoint x=""-380"" y=""855"" />
              <mxPoint x=""-572.52"" y=""855"" />
            </Array>
            <mxPoint x=""-600"" y=""710"" as=""targetPoint"" />
          </mxGeometry>
        "
Page-1,x5bDQh8FaZrcMh8EckeY-155,x5bDQh8FaZrcMh8EckeY-132,x5bDQh8FaZrcMh8EckeY-38,1,,[],未決,確定の明示なし,diagram[1]/root/*[167] (id=x5bDQh8FaZrcMh8EckeY-155),"{""id"": ""x5bDQh8FaZrcMh8EckeY-155"", ""edge"": ""1"", ""parent"": ""1"", ""source"": ""x5bDQh8FaZrcMh8EckeY-132"", ""style"": ""edgeStyle=orthogonalEdgeStyle;rounded=0;orthogonalLoop=1;jettySize=auto;html=1;exitX=0;exitY=0.25;exitDx=0;exitDy=0;entryX=0.5;entryY=1;entryDx=0;entryDy=0;"", ""target"": ""x5bDQh8FaZrcMh8EckeY-38""}","<mxGeometry relative=""1"" as=""geometry"">
            <Array as=""points"">
              <mxPoint x=""-429.91"" y=""990.09"" />
              <mxPoint x=""-705"" y=""990.09"" />
            </Array>
          </mxGeometry>
        "
Page-1,2TSgiu6-nVzXwyzMdGmE-18,2TSgiu6-nVzXwyzMdGmE-8,,2TSgiu6-nVzXwyzMdGmE-7,,"[""2TSgiu6-nVzXwyzMdGmE-19""]",未決,確定の明示なし,diagram[1]/root/*[171] (id=2TSgiu6-nVzXwyzMdGmE-18),"{""id"": ""2TSgiu6-nVzXwyzMdGmE-18"", ""edge"": ""1"", ""parent"": ""2TSgiu6-nVzXwyzMdGmE-7"", ""source"": ""2TSgiu6-nVzXwyzMdGmE-8"", ""style"": ""edgeStyle=orthogonalEdgeStyle;rounded=0;orthogonalLoop=1;jettySize=auto;html=1;exitX=0.5;exitY=1;exitDx=0;exitDy=0;""}","<mxGeometry relative=""1"" as=""geometry"">
            <mxPoint x=""550"" y=""890"" as=""targetPoint"" />
          </mxGeometry>
        "
Page-1,2TSgiu6-nVzXwyzMdGmE-21,2TSgiu6-nVzXwyzMdGmE-8,2TSgiu6-nVzXwyzMdGmE-10,2TSgiu6-nVzXwyzMdGmE-7,,[],未決,確定の明示なし,diagram[1]/root/*[173] (id=2TSgiu6-nVzXwyzMdGmE-21),"{""id"": ""2TSgiu6-nVzXwyzMdGmE-21"", ""edge"": ""1"", ""parent"": ""2TSgiu6-nVzXwyzMdGmE-7"", ""source"": ""2TSgiu6-nVzXwyzMdGmE-8"", ""style"": ""edgeStyle=orthogonalEdgeStyle;rounded=0;orthogonalLoop=1;jettySize=auto;html=1;exitX=1;exitY=0.75;exitDx=0;exitDy=0;entryX=0;entryY=0.75;entryDx=0;entryDy=0;"", ""target"": ""2TSgiu6-nVzXwyzMdGmE-10""}","<mxGeometry relative=""1"" as=""geometry"" />
        "
Page-1,2TSgiu6-nVzXwyzMdGmE-22,2TSgiu6-nVzXwyzMdGmE-9,2TSgiu6-nVzXwyzMdGmE-8,2TSgiu6-nVzXwyzMdGmE-7,,[],未決,確定の明示なし,diagram[1]/root/*[175] (id=2TSgiu6-nVzXwyzMdGmE-22),"{""id"": ""2TSgiu6-nVzXwyzMdGmE-22"", ""edge"": ""1"", ""parent"": ""2TSgiu6-nVzXwyzMdGmE-7"", ""source"": ""2TSgiu6-nVzXwyzMdGmE-9"", ""style"": ""edgeStyle=orthogonalEdgeStyle;rounded=0;orthogonalLoop=1;jettySize=auto;html=1;exitX=1;exitY=0.75;exitDx=0;exitDy=0;entryX=0;entryY=0.5;entryDx=0;entryDy=0;"", ""target"": ""2TSgiu6-nVzXwyzMdGmE-8""}","<mxGeometry relative=""1"" as=""geometry"">
            <mxPoint x=""450"" y=""685"" as=""targetPoint"" />
          </mxGeometry>
        "
Page-1,2TSgiu6-nVzXwyzMdGmE-15,2TSgiu6-nVzXwyzMdGmE-12,2TSgiu6-nVzXwyzMdGmE-9,2TSgiu6-nVzXwyzMdGmE-7,,[],未決,確定の明示なし,diagram[1]/root/*[180] (id=2TSgiu6-nVzXwyzMdGmE-15),"{""id"": ""2TSgiu6-nVzXwyzMdGmE-15"", ""edge"": ""1"", ""parent"": ""2TSgiu6-nVzXwyzMdGmE-7"", ""source"": ""2TSgiu6-nVzXwyzMdGmE-12"", ""style"": ""edgeStyle=orthogonalEdgeStyle;rounded=0;orthogonalLoop=1;jettySize=auto;html=1;entryX=0.5;entryY=0;entryDx=0;entryDy=0;"", ""target"": ""2TSgiu6-nVzXwyzMdGmE-9""}","<mxGeometry relative=""1"" as=""geometry"" />
        "
Page-1,2TSgiu6-nVzXwyzMdGmE-17,2TSgiu6-nVzXwyzMdGmE-12,2TSgiu6-nVzXwyzMdGmE-10,2TSgiu6-nVzXwyzMdGmE-7,,[],未決,確定の明示なし,diagram[1]/root/*[181] (id=2TSgiu6-nVzXwyzMdGmE-17),"{""id"": ""2TSgiu6-nVzXwyzMdGmE-17"", ""edge"": ""1"", ""parent"": ""2TSgiu6-nVzXwyzMdGmE-7"", ""source"": ""2TSgiu6-nVzXwyzMdGmE-12"", ""style"": ""edgeStyle=orthogonalEdgeStyle;rounded=0;orthogonalLoop=1;jettySize=auto;html=1;exitX=1;exitY=0.5;exitDx=0;exitDy=0;"", ""target"": ""2TSgiu6-nVzXwyzMdGmE-10""}","<mxGeometry relative=""1"" as=""geometry"" />
        "
Page-1,2TSgiu6-nVzXwyzMdGmE-16,2TSgiu6-nVzXwyzMdGmE-12,2TSgiu6-nVzXwyzMdGmE-8,2TSgiu6-nVzXwyzMdGmE-7,,[],未決,確定の明示なし,diagram[1]/root/*[183] (id=2TSgiu6-nVzXwyzMdGmE-16),"{""id"": ""2TSgiu6-nVzXwyzMdGmE-16"", ""edge"": ""1"", ""parent"": ""2TSgiu6-nVzXwyzMdGmE-7"", ""source"": ""2TSgiu6-nVzXwyzMdGmE-12"", ""style"": ""edgeStyle=orthogonalEdgeStyle;rounded=0;orthogonalLoop=1;jettySize=auto;html=1;entryX=0.629;entryY=0.017;entryDx=0;entryDy=0;entryPerimeter=0;"", ""target"": ""2TSgiu6-nVzXwyzMdGmE-8""}","<mxGeometry relative=""1"" as=""geometry"" />
        "
Page-1,2TSgiu6-nVzXwyzMdGmE-26,2TSgiu6-nVzXwyzMdGmE-25,2TSgiu6-nVzXwyzMdGmE-12,2TSgiu6-nVzXwyzMdGmE-7,,[],未決,確定の明示なし,diagram[1]/root/*[186] (id=2TSgiu6-nVzXwyzMdGmE-26),"{""id"": ""2TSgiu6-nVzXwyzMdGmE-26"", ""edge"": ""1"", ""parent"": ""2TSgiu6-nVzXwyzMdGmE-7"", ""source"": ""2TSgiu6-nVzXwyzMdGmE-25"", ""style"": ""edgeStyle=orthogonalEdgeStyle;rounded=0;orthogonalLoop=1;jettySize=auto;html=1;exitX=0.5;exitY=1;exitDx=0;exitDy=0;entryX=0.5;entryY=0;entryDx=0;entryDy=0;"", ""target"": ""2TSgiu6-nVzXwyzMdGmE-12""}","<mxGeometry relative=""1"" as=""geometry"" />
        "
