id,sheet,cell,role,status,status_raw,status_basis
M-001,モジュール定義,A2,definition,未決,草案,原文の未決・草案表記
M-002,モジュール定義,A3,definition,未決,草案,原文の未決・草案表記
M-003,モジュール定義,A4,definition,未決,草案,原文の未決・草案表記
M-004,モジュール定義,A5,definition,未決,草案,原文の未決・草案表記
M-005,モジュール定義,A6,definition,未決,草案,原文の未決・草案表記
M-006,モジュール定義,A7,definition,未決,草案,原文の未決・草案表記
M-007,モジュール定義,A8,definition,未決,草案,原文の未決・草案表記
M-008,モジュール定義,A9,definition,未決,,原文の未決・草案表記
M-009,モジュール定義,A10,definition,未決,草案,原文の未決・草案表記
M-010,モジュール定義,A11,definition,未決,草案,原文の未決・草案表記
M-011,モジュール定義,A13,definition,未決,草案,原文の未決・草案表記
M-012,モジュール定義,A14,definition,未決,草案,原文の未決・草案表記
M-013,モジュール定義,A15,definition,未決,草案,原文の未決・草案表記
M-014,モジュール定義,A16,definition,未決,草案,原文の未決・草案表記
M-015,モジュール定義,A17,definition,未決,草案,原文の未決・草案表記
M-016,モジュール定義,A18,definition,未決,草案,原文の未決・草案表記
M-017,モジュール定義,A19,definition,未決,草案,原文の未決・草案表記
M-018,モジュール定義,A20,definition,未決,草案,原文の未決・草案表記
M-019,モジュール定義,A21,definition,未決,草案,原文の未決・草案表記
M-020,モジュール定義,A22,definition,未決,草案,原文の未決・草案表記
M-021,モジュール定義,A23,definition,未決,草案,原文の未決・草案表記
M-022,モジュール定義,A24,definition,未決,草案,原文の未決・草案表記
M-023,モジュール定義,A25,definition,未決,草案,原文の未決・草案表記
M-024,モジュール定義,A26,definition,未決,草案,原文の未決・草案表記
M-025,モジュール定義,A27,definition,未決,確定,確定事項を含むが未決条件も併記
M-026,モジュール定義,A28,definition,未決,確定,確定事項を含むが未決条件も併記
M-027,モジュール定義,A29,definition,確定,確定,原文の確定表記
M-028,モジュール定義,A30,definition,確定,確定,原文の確定表記
M-029,モジュール定義,A31,definition,未決,,原文の未決・草案表記
M-030,モジュール定義,A32,definition,未決,,確定の明示なし
M-031,モジュール定義,A33,definition,未決,確定,確定事項を含むが未決条件も併記
M-032,モジュール定義,A34,definition,確定,確定,原文の確定表記
M-033,モジュール定義,A35,definition,確定,確定,原文の確定表記
M-034,モジュール定義,A36,definition,未決,,確定の明示なし
M-035,モジュール定義,A37,definition,未決,,確定の明示なし
M-036,モジュール定義,A38,definition,確定,確定,原文の確定表記
M-037,モジュール定義,A39,definition,未決,草案,原文の未決・草案表記
M-038,モジュール定義,A40,definition,未決,草案,原文の未決・草案表記
IF-001,インターフェース定義,A2,definition,未決,草案,原文の未決・草案表記
IF-002,インターフェース定義,A3,definition,未決,草案,原文の未決・草案表記
Q-05,インターフェース定義,K3,reference,未決,草案,原文の未決・草案表記
IF-003,インターフェース定義,A4,definition,未決,草案,原文の未決・草案表記
Q-05,インターフェース定義,K4,reference,未決,草案,原文の未決・草案表記
IF-004,インターフェース定義,A5,definition,未決,草案,原文の未決・草案表記
IF-005,インターフェース定義,A6,definition,未決,草案,原文の未決・草案表記
Q-05,インターフェース定義,K6,reference,未決,草案,原文の未決・草案表記
IF-006,インターフェース定義,A7,definition,未決,草案,原文の未決・草案表記
Q-05,インターフェース定義,K7,reference,未決,草案,原文の未決・草案表記
IF-007,インターフェース定義,A8,definition,未決,草案,原文の未決・草案表記
Q-05,インターフェース定義,K8,reference,未決,草案,原文の未決・草案表記
IF-008,インターフェース定義,A9,definition,未決,草案,原文の未決・草案表記
Q-05,インターフェース定義,K9,reference,未決,草案,原文の未決・草案表記
IF-009,インターフェース定義,A10,definition,未決,草案,原文の未決・草案表記
IF-010,インターフェース定義,A11,definition,未決,草案,原文の未決・草案表記
Q-05,インターフェース定義,K11,reference,未決,草案,原文の未決・草案表記
IF-011,インターフェース定義,A12,definition,未決,草案,原文の未決・草案表記
IF-012,インターフェース定義,A13,definition,未決,草案,原文の未決・草案表記
IF-013,インターフェース定義,A14,definition,未決,草案,原文の未決・草案表記
IF-014,インターフェース定義,A15,definition,未決,草案,原文の未決・草案表記
IF-015,インターフェース定義,A16,definition,未決,草案,原文の未決・草案表記
IF-016,インターフェース定義,A17,definition,未決,草案,原文の未決・草案表記
IF-017,インターフェース定義,A18,definition,未決,草案,原文の未決・草案表記
IF-018,インターフェース定義,A19,definition,未決,草案,原文の未決・草案表記
IF-019,インターフェース定義,A20,definition,未決,草案,原文の未決・草案表記
IF-020,インターフェース定義,A21,definition,未決,草案,原文の未決・草案表記
Q-05,インターフェース定義,K21,reference,未決,草案,原文の未決・草案表記
IF-021,インターフェース定義,A22,definition,未決,草案,原文の未決・草案表記
Q-05,インターフェース定義,K22,reference,未決,草案,原文の未決・草案表記
IF-022,インターフェース定義,A23,definition,未決,草案,原文の未決・草案表記
IF-023,インターフェース定義,A24,definition,未決,草案,原文の未決・草案表記
Q-05,インターフェース定義,K24,reference,未決,草案,原文の未決・草案表記
IF-024,インターフェース定義,A25,definition,未決,草案,原文の未決・草案表記
Q-05,インターフェース定義,K25,reference,未決,草案,原文の未決・草案表記
IF-025,インターフェース定義,A26,definition,未決,草案,原文の未決・草案表記
IF-026,インターフェース定義,A27,definition,未決,草案,原文の未決・草案表記
IF-027,インターフェース定義,A28,definition,未決,草案,原文の未決・草案表記
Q-05,インターフェース定義,K28,reference,未決,草案,原文の未決・草案表記
IF-028,インターフェース定義,A29,definition,未決,草案,原文の未決・草案表記
IF-029,インターフェース定義,A30,definition,未決,草案,原文の未決・草案表記
IF-030,インターフェース定義,A31,definition,未決,草案,原文の未決・草案表記
Q-03,インターフェース定義,K31,reference,未決,草案,原文の未決・草案表記
IF-031,インターフェース定義,A32,definition,未決,草案,原文の未決・草案表記
IF-032,インターフェース定義,A33,definition,未決,草案,原文の未決・草案表記
IF-033,インターフェース定義,A34,definition,未決,草案,原文の未決・草案表記
Q-05,インターフェース定義,K34,reference,未決,草案,原文の未決・草案表記
IF-034,インターフェース定義,A35,definition,未決,草案,原文の未決・草案表記
Q-05,インターフェース定義,K35,reference,未決,草案,原文の未決・草案表記
IF-035,インターフェース定義,A36,definition,未決,草案,原文の未決・草案表記
IF-036,インターフェース定義,A37,definition,未決,草案,原文の未決・草案表記
IF-037,インターフェース定義,A38,definition,未決,草案,原文の未決・草案表記
IF-038,インターフェース定義,A39,definition,未決,草案,原文の未決・草案表記
IF-039,インターフェース定義,A40,definition,未決,草案,原文の未決・草案表記
IF-040,インターフェース定義,A41,definition,未決,草案,原文の未決・草案表記
IF-041,インターフェース定義,A42,definition,未決,草案,原文の未決・草案表記
IF-042,インターフェース定義,A43,definition,未決,草案,原文の未決・草案表記
IF-043,インターフェース定義,A44,definition,未決,草案,原文の未決・草案表記
IF-044,インターフェース定義,A45,definition,未決,草案,原文の未決・草案表記
IF-045,インターフェース定義,A46,definition,未決,草案,原文の未決・草案表記
IF-046,インターフェース定義,A47,definition,未決,草案,原文の未決・草案表記
Q-05,インターフェース定義,K47,reference,未決,草案,原文の未決・草案表記
S-01,基本仕様,A2,definition,確定,利用者確定／2026-10-05,原文の確定表記
S-02,基本仕様,A3,definition,確定,利用者確定,原文の確定表記
S-03,基本仕様,A4,definition,未決,利用者方針＋具体境界は設計案,原文の未決・草案表記
S-04,基本仕様,A5,definition,確定,利用者確定。実装コード未照合,原文の確定表記
S-05,基本仕様,A6,definition,未決,Auto/P動作は確定。Manual遷移案はQ-10,確定事項を含むが未決条件も併記
S-06,基本仕様,A7,definition,未決,利用者確定＋準備条件の設計案,確定事項を含むが未決条件も併記
S-07,基本仕様,A8,definition,未決,設計案。往復の同一座標誤達成を防ぐ,原文の未決・草案表記
S-08,基本仕様,A9,definition,未決,区間属性の帰属は設計案,原文の未決・草案表記
S-09,基本仕様,A10,definition,未決,利用者確定。実装境界は設計案,確定事項を含むが未決条件も併記
S-10,基本仕様,A11,definition,未決,二方式の選択とwaypoint中心は確定。詳細確認中,確定事項を含むが未決条件も併記
S-11,基本仕様,A12,definition,未決,5 m・waypoint中心・設定可能は利用者確定,確定事項を含むが未決条件も併記
S-12,基本仕様,A13,definition,未決,用途と区間範囲はQ-12。Nav2構成は案,原文の未決・草案表記
S-13,基本仕様,A14,definition,未決,最高速度は利用者確定。数値は未確定,確定事項を含むが未決条件も併記
S-14,基本仕様,A15,definition,未決,設計案。半径・向き・進入条件Q-06,原文の未決・草案表記
S-15,基本仕様,A16,definition,未決,再開待ちは利用者確定。最終点処理・閾値は案,確定事項を含むが未決条件も併記
S-16,基本仕様,A17,definition,確定,未達へ再開は利用者確定,原文の確定表記
S-17,基本仕様,A18,definition,確定,利用者確定＋Nav2動作の具体化,原文の確定表記
S-18,基本仕様,A19,definition,未決,設計案。ESP32状態への依存は追加しない,原文の未決・草案表記
S-19,基本仕様,A20,definition,未決,利用者要望を受けた設計案／REF-03,原文の未決・草案表記
S-20,基本仕様,A21,definition,未決,設計上の制約。実車検証は未実施,確定の明示なし
S-21,基本仕様,A22,definition,未決,設計案／REF-06,原文の未決・草案表記
S-22,基本仕様,A23,definition,未決,デバッグ要望に対する設計案,原文の未決・草案表記
S-23,基本仕様,A24,definition,未決,開発検証上の区別,確定の明示なし
S-24,基本仕様,A25,definition,未決,この版の確定範囲,確定事項を含むが未決条件も併記
D-01,データ契約,A2,definition,未決,草案／形式未固定,原文の未決・草案表記
D-02,データ契約,A3,definition,未決,草案／中心と5 m確定,確定事項を含むが未決条件も併記
D-03,データ契約,A4,definition,未決,草案,原文の未決・草案表記
D-04,データ契約,A5,definition,未決,草案,原文の未決・草案表記
D-05,データ契約,A6,definition,未決,用途確認中,原文の未決・草案表記
D-06,データ契約,A7,definition,未決,独自型提案,原文の未決・草案表記
D-07,データ契約,A8,definition,未決,独自型提案,原文の未決・草案表記
D-08,データ契約,A9,definition,未決,独自型提案,原文の未決・草案表記
D-09,データ契約,A10,definition,未決,草案,原文の未決・草案表記
D-10,データ契約,A11,definition,未決,独自型提案,原文の未決・草案表記
D-11,データ契約,A12,definition,未決,独自型提案,原文の未決・草案表記
D-12,データ契約,A13,definition,未決,独自型提案／符号未確定,原文の未決・草案表記
D-13,データ契約,A14,definition,未決,独自型提案,原文の未決・草案表記
D-14,データ契約,A15,definition,未決,独自型提案,原文の未決・草案表記
D-15,データ契約,A16,definition,確定,版確定後に固定,原文の確定表記
D-16,データ契約,A17,definition,未決,標準型／REF-04,確定の明示なし
D-17,データ契約,A18,definition,未決,草案／REF-06,原文の未決・草案表記
D-18,データ契約,A19,definition,未決,センサ項目未確認,確定の明示なし
D-19,データ契約,A20,definition,未決,方式・値未確定,原文の未決・草案表記
D-20,データ契約,A21,definition,未決,幾何仕様Q-12の後に確定,確定事項を含むが未決条件も併記
D-21,データ契約,A22,definition,未決,草案,原文の未決・草案表記
D-22,データ契約,A23,definition,未決,草案／復元範囲未決,原文の未決・草案表記
D-23,データ契約,A24,definition,未決,草案,原文の未決・草案表記
D-24,データ契約,A25,definition,未決,草案,原文の未決・草案表記
ST-01,状態遷移,A2,definition,未決,,確定の明示なし
ST-02,状態遷移,A3,definition,未決,,確定の明示なし
ST-03,状態遷移,A4,definition,未決,,確定の明示なし
ST-04,状態遷移,A5,definition,未決,,確定の明示なし
ST-05,状態遷移,A6,definition,未決,,確定の明示なし
ST-06,状態遷移,A7,definition,未決,,確定の明示なし
ST-07,状態遷移,A8,definition,未決,,確定の明示なし
ST-08,状態遷移,A9,definition,未決,,確定の明示なし
ST-09,状態遷移,A10,definition,未決,,確定の明示なし
ST-10,状態遷移,A11,definition,未決,,確定の明示なし
ST-11,状態遷移,A12,definition,未決,,確定の明示なし
ST-12,状態遷移,A13,definition,未決,,確定の明示なし
ST-13,状態遷移,A14,definition,未決,,確定の明示なし
ST-14,状態遷移,A15,definition,未決,,確定の明示なし
ST-15,状態遷移,A16,definition,未決,,原文の未決・草案表記
ST-16,状態遷移,A17,definition,未決,,原文の未決・草案表記
ST-17,状態遷移,A18,definition,未決,,確定の明示なし
ST-18,状態遷移,A19,definition,未決,,原文の未決・草案表記
ST-19,状態遷移,A20,definition,未決,,原文の未決・草案表記
ST-20,状態遷移,A21,definition,未決,,原文の未決・草案表記
T-01,使用・開発検証,A2,definition,未決,,確定の明示なし
T-02,使用・開発検証,A3,definition,未決,,原文の未決・草案表記
T-03,使用・開発検証,A4,definition,未決,,確定の明示なし
T-04,使用・開発検証,A5,definition,未決,,確定の明示なし
T-05,使用・開発検証,A6,definition,未決,,原文の未決・草案表記
T-06,使用・開発検証,A7,definition,未決,,確定の明示なし
T-07,使用・開発検証,A8,definition,未決,,確定の明示なし
T-08,使用・開発検証,A9,definition,未決,,確定の明示なし
T-09,使用・開発検証,A10,definition,未決,,確定の明示なし
T-10,使用・開発検証,A11,definition,未決,,確定の明示なし
T-11,使用・開発検証,A12,definition,未決,,原文の未決・草案表記
T-12,使用・開発検証,A13,definition,未決,,確定の明示なし
T-13,使用・開発検証,A14,definition,未決,,確定の明示なし
T-14,使用・開発検証,A15,definition,未決,,原文の未決・草案表記
T-15,使用・開発検証,A16,definition,未決,,原文の未決・草案表記
T-16,使用・開発検証,A17,definition,未決,,確定の明示なし
T-17,使用・開発検証,A18,definition,未決,,原文の未決・草案表記
T-18,使用・開発検証,A19,definition,未決,,確定の明示なし
T-19,使用・開発検証,A20,definition,未決,,確定の明示なし
T-20,使用・開発検証,A21,definition,未決,,確定の明示なし
T-21,使用・開発検証,A22,definition,未決,,確定の明示なし
T-22,使用・開発検証,A23,definition,未決,,確定の明示なし
T-23,使用・開発検証,A24,definition,未決,,原文の未決・草案表記
T-24,使用・開発検証,A25,definition,未決,,確定の明示なし
T-25,使用・開発検証,A26,definition,未決,,確定の明示なし
Q-01,未決事項,A2,definition,未決,,原文の未決・草案表記
Q-02,未決事項,A3,definition,未決,,原文の未決・草案表記
Q-03,未決事項,A4,definition,未決,,原文の未決・草案表記
Q-04,未決事項,A5,definition,未決,,原文の未決・草案表記
Q-05,未決事項,A6,definition,未決,,原文の未決・草案表記
Q-06,未決事項,A7,definition,未決,,原文の未決・草案表記
Q-07,未決事項,A8,definition,未決,,原文の未決・草案表記
Q-08,未決事項,A9,definition,未決,,原文の未決・草案表記
Q-09,未決事項,A10,definition,未決,,原文の未決・草案表記
Q-10,未決事項,A11,definition,未決,,原文の未決・草案表記
Q-11,未決事項,A12,definition,未決,,原文の未決・草案表記
Q-12,未決事項,A13,definition,未決,,原文の未決・草案表記
Q-13,未決事項,A14,definition,未決,,原文の未決・草案表記
REF-01,参照・変更記録,A2,definition,未決,,確定の明示なし
REF-02,参照・変更記録,A3,definition,未決,,確定の明示なし
REF-03,参照・変更記録,A4,definition,未決,,確定の明示なし
REF-04,参照・変更記録,A5,definition,未決,,確定の明示なし
REF-05,参照・変更記録,A6,definition,未決,,原文の未決・草案表記
REF-06,参照・変更記録,A7,definition,未決,,確定の明示なし
REF-07,参照・変更記録,A8,definition,未決,,確定の明示なし
REF-08,参照・変更記録,A13,definition,未決,,確定の明示なし
